Code,LocalAuthority,Year,Indicator,Numerator,Denominator
CHN12a,Aberdeen City,2011-12,775.48,,
CHN12a,Aberdeen City,2012-13,764.3,,
CHN12a,Aberdeen City,2013-14,782.89,,
CHN12a,Aberdeen City,2014-15,808.36,,
CHN12a,Aberdeen City,2015-16,806.82,,
CHN12a,Aberdeen City,2016-17,821.06,,
CHN12a,Aberdeen City,2017-18,841.21,,
CHN12a,Aberdeen City,2018-19,827.5,,
CHN12a,Aberdeen City,2019-20,845.53,,
CHN12a,Aberdeen City,2020-21,853.41,,
CHN12a,Aberdeen City,2021-22,952.61,,
CHN12a,Aberdeen City,2022-23,881.88,,
CHN12a,Aberdeen City,2023-24,893.35,,
CHN12a,Aberdeenshire,2011-12,820.84,,
CHN12a,Aberdeenshire,2012-13,814.83,,
CHN12a,Aberdeenshire,2013-14,832.12,,
CHN12a,Aberdeenshire,2014-15,843.95,,
CHN12a,Aberdeenshire,2015-16,874.02,,
CHN12a,Aberdeenshire,2016-17,865.11,,
CHN12a,Aberdeenshire,2017-18,916.46,,
CHN12a,Aberdeenshire,2018-19,875.14,,
CHN12a,Aberdeenshire,2019-20,889.85,,
CHN12a,Aberdeenshire,2020-21,951.45,,
CHN12a,Aberdeenshire,2021-22,958.72,,
CHN12a,Aberdeenshire,2022-23,929.11,,
CHN12a,Aberdeenshire,2023-24,939.62,,
CHN12a,Angus,2011-12,741.6,,
CHN12a,Angus,2012-13,769.55,,
CHN12a,Angus,2013-14,790.05,,
CHN12a,Angus,2014-15,836.67,,
CHN12a,Angus,2015-16,819.7,,
CHN12a,Angus,2016-17,826.43,,
CHN12a,Angus,2017-18,811.43,,
CHN12a,Angus,2018-19,802.75,,
CHN12a,Angus,2019-20,791.82,,
CHN12a,Angus,2020-21,874.76,,
CHN12a,Angus,2021-22,832.25,,
CHN12a,Angus,2022-23,778.83,,
CHN12a,Angus,2023-24,765.75,,
CHN12a,Argyll & Bute,2011-12,841.86,,
CHN12a,Argyll & Bute,2012-13,793.58,,
CHN12a,Argyll & Bute,2013-14,879.93,,
CHN12a,Argyll & Bute,2014-15,859.51,,
CHN12a,Argyll & Bute,2015-16,861.52,,
CHN12a,Argyll & Bute,2016-17,891.25,,
CHN12a,Argyll & Bute,2017-18,894.56,,
CHN12a,Argyll & Bute,2018-19,861.35,,
CHN12a,Argyll & Bute,2019-20,882.47,,
CHN12a,Argyll & Bute,2020-21,945.18,,
CHN12a,Argyll & Bute,2021-22,961,,
CHN12a,Argyll & Bute,2022-23,907,,
CHN12a,Argyll & Bute,2023-24,888.74,,
CHN12a,Clackmannanshire,2011-12,653.09,,
CHN12a,Clackmannanshire,2012-13,698.98,,
CHN12a,Clackmannanshire,2013-14,688.09,,
CHN12a,Clackmannanshire,2014-15,698.71,,
CHN12a,Clackmannanshire,2015-16,765.06,,
CHN12a,Clackmannanshire,2016-17,743.99,,
CHN12a,Clackmannanshire,2017-18,749.35,,
CHN12a,Clackmannanshire,2018-19,774.38,,
CHN12a,Clackmannanshire,2019-20,743.77,,
CHN12a,Clackmannanshire,2020-21,824,,
CHN12a,Clackmannanshire,2021-22,859.86,,
CHN12a,Clackmannanshire,2022-23,793.77,,
CHN12a,Clackmannanshire,2023-24,762.82,,
CHN12a,Dumfries & Galloway,2011-12,765.3,,
CHN12a,Dumfries & Galloway,2012-13,818.9,,
CHN12a,Dumfries & Galloway,2013-14,823.14,,
CHN12a,Dumfries & Galloway,2014-15,870.4,,
CHN12a,Dumfries & Galloway,2015-16,855.15,,
CHN12a,Dumfries & Galloway,2016-17,883.09,,
CHN12a,Dumfries & Galloway,2017-18,838.09,,
CHN12a,Dumfries & Galloway,2018-19,874.62,,
CHN12a,Dumfries & Galloway,2019-20,878.93,,
CHN12a,Dumfries & Galloway,2020-21,942.23,,
CHN12a,Dumfries & Galloway,2021-22,908.03,,
CHN12a,Dumfries & Galloway,2022-23,871.67,,
CHN12a,Dumfries & Galloway,2023-24,829.54,,
CHN12a,Dundee City,2011-12,676.88,,
CHN12a,Dundee City,2012-13,723.37,,
CHN12a,Dundee City,2013-14,735.94,,
CHN12a,Dundee City,2014-15,764.19,,
CHN12a,Dundee City,2015-16,742.87,,
CHN12a,Dundee City,2016-17,768.85,,
CHN12a,Dundee City,2017-18,686.89,,
CHN12a,Dundee City,2018-19,751.7,,
CHN12a,Dundee City,2019-20,773.38,,
CHN12a,Dundee City,2020-21,760.7,,
CHN12a,Dundee City,2021-22,795.83,,
CHN12a,Dundee City,2022-23,801.58,,
CHN12a,Dundee City,2023-24,739.08,,
CHN12a,East Ayrshire,2011-12,692.73,,
CHN12a,East Ayrshire,2012-13,755.32,,
CHN12a,East Ayrshire,2013-14,772.95,,
CHN12a,East Ayrshire,2014-15,799.96,,
CHN12a,East Ayrshire,2015-16,821.14,,
CHN12a,East Ayrshire,2016-17,817.36,,
CHN12a,East Ayrshire,2017-18,815.99,,
CHN12a,East Ayrshire,2018-19,822.03,,
CHN12a,East Ayrshire,2019-20,810.55,,
CHN12a,East Ayrshire,2020-21,843.36,,
CHN12a,East Ayrshire,2021-22,915.73,,
CHN12a,East Ayrshire,2022-23,883.31,,
CHN12a,East Ayrshire,2023-24,893.52,,
CHN12a,East Dunbartonshire,2011-12,1090.78,,
CHN12a,East Dunbartonshire,2012-13,1154.93,,
CHN12a,East Dunbartonshire,2013-14,1134.98,,
CHN12a,East Dunbartonshire,2014-15,1192.83,,
CHN12a,East Dunbartonshire,2015-16,1268.4,,
CHN12a,East Dunbartonshire,2016-17,1304.52,,
CHN12a,East Dunbartonshire,2017-18,1312.4,,
CHN12a,East Dunbartonshire,2018-19,1245.78,,
CHN12a,East Dunbartonshire,2019-20,1336.61,,
CHN12a,East Dunbartonshire,2020-21,1378.24,,
CHN12a,East Dunbartonshire,2021-22,1359.1,,
CHN12a,East Dunbartonshire,2022-23,1321.48,,
CHN12a,East Dunbartonshire,2023-24,1326.71,,
CHN12a,East Lothian,2011-12,798.84,,
CHN12a,East Lothian,2012-13,829.71,,
CHN12a,East Lothian,2013-14,877.49,,
CHN12a,East Lothian,2014-15,873.85,,
CHN12a,East Lothian,2015-16,934.97,,
CHN12a,East Lothian,2016-17,922.85,,
CHN12a,East Lothian,2017-18,926.25,,
CHN12a,East Lothian,2018-19,899.21,,
CHN12a,East Lothian,2019-20,849.71,,
CHN12a,East Lothian,2020-21,999.28,,
CHN12a,East Lothian,2021-22,946.27,,
CHN12a,East Lothian,2022-23,951.18,,
CHN12a,East Lothian,2023-24,940.69,,
CHN12a,East Renfrewshire,2011-12,1184.55,,
CHN12a,East Renfrewshire,2012-13,1155.29,,
CHN12a,East Renfrewshire,2013-14,1265.28,,
CHN12a,East Renfrewshire,2014-15,1297.14,,
CHN12a,East Renfrewshire,2015-16,1319.28,,
CHN12a,East Renfrewshire,2016-17,1352.79,,
CHN12a,East Renfrewshire,2017-18,1388.06,,
CHN12a,East Renfrewshire,2018-19,1354.86,,
CHN12a,East Renfrewshire,2019-20,1401.9,,
CHN12a,East Renfrewshire,2020-21,1475.54,,
CHN12a,East Renfrewshire,2021-22,1460.85,,
CHN12a,East Renfrewshire,2022-23,1455.72,,
CHN12a,East Renfrewshire,2023-24,1440.5,,
CHN12a,Edinburgh City,2011-12,797.32,,
CHN12a,Edinburgh City,2012-13,838.44,,
CHN12a,Edinburgh City,2013-14,863.67,,
CHN12a,Edinburgh City,2014-15,885.72,,
CHN12a,Edinburgh City,2015-16,931.64,,
CHN12a,Edinburgh City,2016-17,911.99,,
CHN12a,Edinburgh City,2017-18,938.29,,
CHN12a,Edinburgh City,2018-19,939.88,,
CHN12a,Edinburgh City,2019-20,964.19,,
CHN12a,Edinburgh City,2020-21,1007.91,,
CHN12a,Edinburgh City,2021-22,1061.15,,
CHN12a,Edinburgh City,2022-23,1017.42,,
CHN12a,Edinburgh City,2023-24,1013.4,,
CHN12a,Eilean Siar,2011-12,861.17,,
CHN12a,Eilean Siar,2012-13,830.5,,
CHN12a,Eilean Siar,2013-14,889.32,,
CHN12a,Eilean Siar,2015-16,933.26,,
CHN12a,Eilean Siar,2016-17,936.84,,
CHN12a,Eilean Siar,2017-18,928.26,,
CHN12a,Eilean Siar,2018-19,817.2,,
CHN12a,Eilean Siar,2019-20,879.87,,
CHN12a,Eilean Siar,2020-21,915.43,,
CHN12a,Eilean Siar,2021-22,891.87,,
CHN12a,Eilean Siar,2022-23,873.36,,
CHN12a,Eilean Siar,2023-24,837.4,,
CHN12a,Falkirk,2011-12,708.62,,
CHN12a,Falkirk,2012-13,772.04,,
CHN12a,Falkirk,2013-14,791.75,,
CHN12a,Falkirk,2014-15,828.45,,
CHN12a,Falkirk,2015-16,861.83,,
CHN12a,Falkirk,2016-17,917.56,,
CHN12a,Falkirk,2017-18,957.23,,
CHN12a,Falkirk,2018-19,950.94,,
CHN12a,Falkirk,2019-20,985.94,,
CHN12a,Falkirk,2020-21,1081.9,,
CHN12a,Falkirk,2021-22,1061.86,,
CHN12a,Falkirk,2022-23,1026.78,,
CHN12a,Falkirk,2023-24,1006.33,,
CHN12a,Fife,2011-12,738.58,,
CHN12a,Fife,2012-13,764.86,,
CHN12a,Fife,2013-14,799.56,,
CHN12a,Fife,2014-15,811.63,,
CHN12a,Fife,2015-16,834.7,,
CHN12a,Fife,2016-17,814.85,,
CHN12a,Fife,2017-18,834.11,,
CHN12a,Fife,2018-19,831.5,,
CHN12a,Fife,2019-20,812.85,,
CHN12a,Fife,2020-21,859.36,,
CHN12a,Fife,2021-22,876.16,,
CHN12a,Fife,2022-23,825.45,,
CHN12a,Fife,2023-24,807.57,,
CHN12a,Glasgow City,2011-12,600.4,,
CHN12a,Glasgow City,2012-13,657.71,,
CHN12a,Glasgow City,2013-14,706.64,,
CHN12a,Glasgow City,2014-15,726.14,,
CHN12a,Glasgow City,2015-16,739.14,,
CHN12a,Glasgow City,2016-17,750.54,,
CHN12a,Glasgow City,2017-18,777.63,,
CHN12a,Glasgow City,2018-19,784.39,,
CHN12a,Glasgow City,2019-20,818.53,,
CHN12a,Glasgow City,2020-21,846.6,,
CHN12a,Glasgow City,2021-22,873.46,,
CHN12a,Glasgow City,2022-23,866.82,,
CHN12a,Glasgow City,2023-24,848.46,,
CHN12a,Highland,2011-12,789.7,,
CHN12a,Highland,2012-13,832.35,,
CHN12a,Highland,2013-14,826.56,,
CHN12a,Highland,2014-15,862.09,,
CHN12a,Highland,2015-16,877.94,,
CHN12a,Highland,2016-17,838.72,,
CHN12a,Highland,2017-18,852.03,,
CHN12a,Highland,2018-19,793.71,,
CHN12a,Highland,2019-20,835.65,,
CHN12a,Highland,2020-21,871.91,,
CHN12a,Highland,2021-22,880.03,,
CHN12a,Highland,2022-23,865.55,,
CHN12a,Highland,2023-24,842.57,,
CHN12a,Inverclyde,2011-12,781.1,,
CHN12a,Inverclyde,2012-13,814.06,,
CHN12a,Inverclyde,2013-14,770.22,,
CHN12a,Inverclyde,2014-15,844.35,,
CHN12a,Inverclyde,2015-16,896.93,,
CHN12a,Inverclyde,2016-17,922.81,,
CHN12a,Inverclyde,2017-18,883.13,,
CHN12a,Inverclyde,2018-19,885.83,,
CHN12a,Inverclyde,2019-20,921.08,,
CHN12a,Inverclyde,2020-21,932.09,,
CHN12a,Inverclyde,2021-22,987.68,,
CHN12a,Inverclyde,2022-23,922.15,,
CHN12a,Inverclyde,2023-24,865.84,,
CHN12a,Midlothian,2011-12,715.87,,
CHN12a,Midlothian,2012-13,752.09,,
CHN12a,Midlothian,2013-14,753.55,,
CHN12a,Midlothian,2014-15,783.22,,
CHN12a,Midlothian,2015-16,889.27,,
CHN12a,Midlothian,2016-17,798.94,,
CHN12a,Midlothian,2017-18,836.17,,
CHN12a,Midlothian,2018-19,804.58,,
CHN12a,Midlothian,2019-20,818.04,,
CHN12a,Midlothian,2020-21,878.27,,
CHN12a,Midlothian,2021-22,931.72,,
CHN12a,Midlothian,2022-23,835.34,,
CHN12a,Midlothian,2023-24,849.81,,
CHN12a,Moray,2011-12,759.88,,
CHN12a,Moray,2012-13,788.07,,
CHN12a,Moray,2013-14,837.69,,
CHN12a,Moray,2014-15,870,,
CHN12a,Moray,2015-16,791.73,,
CHN12a,Moray,2016-17,818.81,,
CHN12a,Moray,2017-18,795.41,,
CHN12a,Moray,2018-19,813.98,,
CHN12a,Moray,2019-20,798.94,,
CHN12a,Moray,2020-21,876.7,,
CHN12a,Moray,2021-22,886.14,,
CHN12a,Moray,2022-23,840.62,,
CHN12a,Moray,2023-24,830.79,,
CHN12a,North Ayrshire,2011-12,674.66,,
CHN12a,North Ayrshire,2012-13,744.32,,
CHN12a,North Ayrshire,2013-14,754.43,,
CHN12a,North Ayrshire,2014-15,817.28,,
CHN12a,North Ayrshire,2015-16,804.29,,
CHN12a,North Ayrshire,2016-17,884.66,,
CHN12a,North Ayrshire,2017-18,854.19,,
CHN12a,North Ayrshire,2018-19,792.94,,
CHN12a,North Ayrshire,2019-20,806.99,,
CHN12a,North Ayrshire,2020-21,839.67,,
CHN12a,North Ayrshire,2021-22,913.57,,
CHN12a,North Ayrshire,2022-23,887.83,,
CHN12a,North Ayrshire,2023-24,847.69,,
CHN12a,North Lanarkshire,2011-12,699.67,,
CHN12a,North Lanarkshire,2012-13,733,,
CHN12a,North Lanarkshire,2013-14,772.81,,
CHN12a,North Lanarkshire,2014-15,830.04,,
CHN12a,North Lanarkshire,2015-16,853.68,,
CHN12a,North Lanarkshire,2016-17,865,,
CHN12a,North Lanarkshire,2017-18,872.95,,
CHN12a,North Lanarkshire,2018-19,867.3,,
CHN12a,North Lanarkshire,2019-20,878.92,,
CHN12a,North Lanarkshire,2020-21,898.39,,
CHN12a,North Lanarkshire,2021-22,909.72,,
CHN12a,North Lanarkshire,2022-23,893.59,,
CHN12a,North Lanarkshire,2023-24,853.45,,
CHN12a,Orkney Islands,2011-12,823.92,,
CHN12a,Orkney Islands,2012-13,814.44,,
CHN12a,Orkney Islands,2013-14,909.2,,
CHN12a,Orkney Islands,2014-15,948.03,,
CHN12a,Orkney Islands,2015-16,901.97,,
CHN12a,Orkney Islands,2016-17,957.03,,
CHN12a,Orkney Islands,2017-18,907.31,,
CHN12a,Orkney Islands,2018-19,956.8,,
CHN12a,Orkney Islands,2019-20,783.27,,
CHN12a,Orkney Islands,2020-21,972.9,,
CHN12a,Orkney Islands,2021-22,982.55,,
CHN12a,Orkney Islands,2022-23,918.06,,
CHN12a,Orkney Islands,2023-24,946.73,,
CHN12a,Perth & Kinross,2011-12,872.45,,
CHN12a,Perth & Kinross,2012-13,887.64,,
CHN12a,Perth & Kinross,2013-14,875.31,,
CHN12a,Perth & Kinross,2014-15,982.88,,
CHN12a,Perth & Kinross,2015-16,943.38,,
CHN12a,Perth & Kinross,2016-17,946.78,,
CHN12a,Perth & Kinross,2017-18,926.38,,
CHN12a,Perth & Kinross,2018-19,933.03,,
CHN12a,Perth & Kinross,2019-20,928.86,,
CHN12a,Perth & Kinross,2020-21,1015.07,,
CHN12a,Perth & Kinross,2021-22,1047.5,,
CHN12a,Perth & Kinross,2022-23,931.67,,
CHN12a,Perth & Kinross,2023-24,920.44,,
CHN12a,Renfrewshire,2011-12,788.12,,
CHN12a,Renfrewshire,2012-13,787.09,,
CHN12a,Renfrewshire,2013-14,863.88,,
CHN12a,Renfrewshire,2014-15,882.68,,
CHN12a,Renfrewshire,2015-16,840.44,,
CHN12a,Renfrewshire,2016-17,905.1,,
CHN12a,Renfrewshire,2017-18,934.82,,
CHN12a,Renfrewshire,2018-19,915.48,,
CHN12a,Renfrewshire,2019-20,958.61,,
CHN12a,Renfrewshire,2020-21,1047.72,,
CHN12a,Renfrewshire,2021-22,1011.33,,
CHN12a,Renfrewshire,2022-23,980.17,,
CHN12a,Renfrewshire,2023-24,945.95,,
CHN12a,Scottish Borders,2011-12,833.72,,
CHN12a,Scottish Borders,2012-13,824.61,,
CHN12a,Scottish Borders,2013-14,846.58,,
CHN12a,Scottish Borders,2014-15,920.48,,
CHN12a,Scottish Borders,2015-16,878.77,,
CHN12a,Scottish Borders,2016-17,900.8,,
CHN12a,Scottish Borders,2017-18,906.53,,
CHN12a,Scottish Borders,2018-19,842.61,,
CHN12a,Scottish Borders,2019-20,908.76,,
CHN12a,Scottish Borders,2020-21,959.1,,
CHN12a,Scottish Borders,2021-22,971.04,,
CHN12a,Scottish Borders,2022-23,883.38,,
CHN12a,Scottish Borders,2023-24,866.43,,
CHN12a,Shetland Islands,2011-12,851.74,,
CHN12a,Shetland Islands,2012-13,899.92,,
CHN12a,Shetland Islands,2013-14,895.33,,
CHN12a,Shetland Islands,2015-16,1010.98,,
CHN12a,Shetland Islands,2016-17,1029.52,,
CHN12a,Shetland Islands,2017-18,981.13,,
CHN12a,Shetland Islands,2018-19,992.56,,
CHN12a,Shetland Islands,2019-20,946.3,,
CHN12a,Shetland Islands,2020-21,1069.34,,
CHN12a,Shetland Islands,2021-22,963.52,,
CHN12a,Shetland Islands,2022-23,1011.67,,
CHN12a,Shetland Islands,2023-24,980.42,,
CHN12a,South Ayrshire,2011-12,884.74,,
CHN12a,South Ayrshire,2012-13,868.92,,
CHN12a,South Ayrshire,2013-14,883.38,,
CHN12a,South Ayrshire,2014-15,925.26,,
CHN12a,South Ayrshire,2015-16,941.4,,
CHN12a,South Ayrshire,2016-17,971.04,,
CHN12a,South Ayrshire,2017-18,954.9,,
CHN12a,South Ayrshire,2018-19,922.49,,
CHN12a,South Ayrshire,2019-20,961.41,,
CHN12a,South Ayrshire,2020-21,1034.89,,
CHN12a,South Ayrshire,2021-22,1032.25,,
CHN12a,South Ayrshire,2022-23,979.72,,
CHN12a,South Ayrshire,2023-24,922.36,,
CHN12a,South Lanarkshire,2011-12,751.43,,
CHN12a,South Lanarkshire,2012-13,762.13,,
CHN12a,South Lanarkshire,2013-14,792.2,,
CHN12a,South Lanarkshire,2014-15,840.51,,
CHN12a,South Lanarkshire,2015-16,878.84,,
CHN12a,South Lanarkshire,2016-17,889.85,,
CHN12a,South Lanarkshire,2017-18,919.24,,
CHN12a,South Lanarkshire,2018-19,895.96,,
CHN12a,South Lanarkshire,2019-20,933.28,,
CHN12a,South Lanarkshire,2020-21,1001.68,,
CHN12a,South Lanarkshire,2021-22,1000.7,,
CHN12a,South Lanarkshire,2022-23,981.23,,
CHN12a,South Lanarkshire,2023-24,970.91,,
CHN12a,Stirling,2011-12,868.03,,
CHN12a,Stirling,2012-13,901.87,,
CHN12a,Stirling,2013-14,925.65,,
CHN12a,Stirling,2014-15,948.77,,
CHN12a,Stirling,2015-16,991.85,,
CHN12a,Stirling,2016-17,1013.09,,
CHN12a,Stirling,2017-18,1028.54,,
CHN12a,Stirling,2018-19,1010.9,,
CHN12a,Stirling,2019-20,1058.62,,
CHN12a,Stirling,2020-21,1079.49,,
CHN12a,Stirling,2021-22,1115.26,,
CHN12a,Stirling,2022-23,1005.68,,
CHN12a,Stirling,2023-24,1010.48,,
CHN12a,West Dunbartonshire,2011-12,712.69,,
CHN12a,West Dunbartonshire,2012-13,726.64,,
CHN12a,West Dunbartonshire,2013-14,792.38,,
CHN12a,West Dunbartonshire,2014-15,807.32,,
CHN12a,West Dunbartonshire,2015-16,806.19,,
CHN12a,West Dunbartonshire,2016-17,823,,
CHN12a,West Dunbartonshire,2017-18,808.32,,
CHN12a,West Dunbartonshire,2018-19,787.24,,
CHN12a,West Dunbartonshire,2019-20,819.69,,
CHN12a,West Dunbartonshire,2020-21,864.22,,
CHN12a,West Dunbartonshire,2021-22,865.85,,
CHN12a,West Dunbartonshire,2022-23,823.83,,
CHN12a,West Dunbartonshire,2023-24,774.12,,
CHN12a,West Lothian,2011-12,748.55,,
CHN12a,West Lothian,2012-13,789.52,,
CHN12a,West Lothian,2013-14,862.41,,
CHN12a,West Lothian,2014-15,863.95,,
CHN12a,West Lothian,2015-16,926.55,,
CHN12a,West Lothian,2016-17,916.79,,
CHN12a,West Lothian,2017-18,932.93,,
CHN12a,West Lothian,2018-19,937.52,,
CHN12a,West Lothian,2019-20,971.53,,
CHN12a,West Lothian,2020-21,1014.78,,
CHN12a,West Lothian,2021-22,1029.15,,
CHN12a,West Lothian,2022-23,1006.02,,
CHN12a,West Lothian,2023-24,1009.78,,
CHN12b,Aberdeen City,2011-12,367,,
CHN12b,Aberdeen City,2012-13,439,,
CHN12b,Aberdeen City,2013-14,430,,
CHN12b,Aberdeen City,2014-15,413,,
CHN12b,Aberdeen City,2015-16,510,,
CHN12b,Aberdeen City,2016-17,463,,
CHN12b,Aberdeen City,2017-18,447,,
CHN12b,Aberdeen City,2018-19,439,,
CHN12b,Aberdeen City,2019-20,505,,
CHN12b,Aberdeen City,2020-21,566,,
CHN12b,Aberdeen City,2021-22,567,,
CHN12b,Aberdeen City,2022-23,591,,
CHN12b,Aberdeen City,2023-24,481,,
CHN12b,Aberdeenshire,2011-12,304,,
CHN12b,Aberdeenshire,2012-13,322,,
CHN12b,Aberdeenshire,2013-14,295,,
CHN12b,Aberdeenshire,2014-15,426,,
CHN12b,Aberdeenshire,2015-16,428,,
CHN12b,Aberdeenshire,2016-17,517,,
CHN12b,Aberdeenshire,2017-18,683,,
CHN12b,Aberdeenshire,2018-19,461,,
CHN12b,Aberdeenshire,2019-20,531,,
CHN12b,Aberdeenshire,2020-21,435,,
CHN12b,Aberdeenshire,2021-22,482,,
CHN12b,Aberdeenshire,2022-23,503,,
CHN12b,Aberdeenshire,2023-24,496,,
CHN12b,Angus,2011-12,400,,
CHN12b,Angus,2012-13,465,,
CHN12b,Angus,2013-14,543,,
CHN12b,Angus,2014-15,645,,
CHN12b,Angus,2015-16,609,,
CHN12b,Angus,2016-17,674,,
CHN12b,Angus,2017-18,503,,
CHN12b,Angus,2018-19,635,,
CHN12b,Angus,2019-20,538,,
CHN12b,Angus,2020-21,517,,
CHN12b,Angus,2021-22,570,,
CHN12b,Angus,2022-23,541,,
CHN12b,Angus,2023-24,471,,
CHN12b,Argyll & Bute,2011-12,514,,
CHN12b,Argyll & Bute,2012-13,570,,
CHN12b,Argyll & Bute,2013-14,638,,
CHN12b,Argyll & Bute,2014-15,521,,
CHN12b,Argyll & Bute,2015-16,558,,
CHN12b,Argyll & Bute,2016-17,620,,
CHN12b,Argyll & Bute,2017-18,783,,
CHN12b,Argyll & Bute,2018-19,640,,
CHN12b,Argyll & Bute,2019-20,721,,
CHN12b,Argyll & Bute,2020-21,822,,
CHN12b,Argyll & Bute,2021-22,731,,
CHN12b,Argyll & Bute,2022-23,590,,
CHN12b,Argyll & Bute,2023-24,564,,
CHN12b,Clackmannanshire,2011-12,422,,
CHN12b,Clackmannanshire,2012-13,455,,
CHN12b,Clackmannanshire,2013-14,468,,
CHN12b,Clackmannanshire,2014-15,456,,
CHN12b,Clackmannanshire,2015-16,531,,
CHN12b,Clackmannanshire,2016-17,491,,
CHN12b,Clackmannanshire,2017-18,484,,
CHN12b,Clackmannanshire,2018-19,516,,
CHN12b,Clackmannanshire,2019-20,522,,
CHN12b,Clackmannanshire,2020-21,544,,
CHN12b,Clackmannanshire,2021-22,607,,
CHN12b,Clackmannanshire,2022-23,522,,
CHN12b,Clackmannanshire,2023-24,594,,
CHN12b,Dumfries & Galloway,2011-12,465,,
CHN12b,Dumfries & Galloway,2012-13,537,,
CHN12b,Dumfries & Galloway,2013-14,547,,
CHN12b,Dumfries & Galloway,2014-15,454,,
CHN12b,Dumfries & Galloway,2015-16,551,,
CHN12b,Dumfries & Galloway,2016-17,627,,
CHN12b,Dumfries & Galloway,2017-18,535,,
CHN12b,Dumfries & Galloway,2018-19,566,,
CHN12b,Dumfries & Galloway,2019-20,573,,
CHN12b,Dumfries & Galloway,2020-21,602,,
CHN12b,Dumfries & Galloway,2021-22,633,,
CHN12b,Dumfries & Galloway,2022-23,478,,
CHN12b,Dumfries & Galloway,2023-24,554,,
CHN12b,Dundee City,2011-12,423,,
CHN12b,Dundee City,2012-13,469,,
CHN12b,Dundee City,2013-14,498,,
CHN12b,Dundee City,2014-15,542,,
CHN12b,Dundee City,2015-16,530,,
CHN12b,Dundee City,2016-17,542,,
CHN12b,Dundee City,2017-18,484,,
CHN12b,Dundee City,2018-19,532,,
CHN12b,Dundee City,2019-20,553,,
CHN12b,Dundee City,2020-21,566,,
CHN12b,Dundee City,2021-22,629,,
CHN12b,Dundee City,2022-23,577,,
CHN12b,Dundee City,2023-24,593,,
CHN12b,East Ayrshire,2011-12,446,,
CHN12b,East Ayrshire,2012-13,534,,
CHN12b,East Ayrshire,2013-14,582,,
CHN12b,East Ayrshire,2014-15,548,,
CHN12b,East Ayrshire,2015-16,556,,
CHN12b,East Ayrshire,2016-17,578,,
CHN12b,East Ayrshire,2017-18,582,,
CHN12b,East Ayrshire,2018-19,581,,
CHN12b,East Ayrshire,2019-20,611,,
CHN12b,East Ayrshire,2020-21,659,,
CHN12b,East Ayrshire,2021-22,685,,
CHN12b,East Ayrshire,2022-23,705,,
CHN12b,East Ayrshire,2023-24,663,,
CHN12b,East Dunbartonshire,2011-12,810,,
CHN12b,East Dunbartonshire,2012-13,695,,
CHN12b,East Dunbartonshire,2013-14,788,,
CHN12b,East Dunbartonshire,2014-15,823,,
CHN12b,East Dunbartonshire,2015-16,972,,
CHN12b,East Dunbartonshire,2016-17,948,,
CHN12b,East Dunbartonshire,2017-18,920,,
CHN12b,East Dunbartonshire,2018-19,977,,
CHN12b,East Dunbartonshire,2019-20,1002,,
CHN12b,East Dunbartonshire,2020-21,996,,
CHN12b,East Dunbartonshire,2021-22,1048,,
CHN12b,East Dunbartonshire,2022-23,1057,,
CHN12b,East Dunbartonshire,2023-24,975,,
CHN12b,East Lothian,2011-12,551,,
CHN12b,East Lothian,2012-13,448,,
CHN12b,East Lothian,2013-14,440,,
CHN12b,East Lothian,2014-15,525,,
CHN12b,East Lothian,2015-16,576,,
CHN12b,East Lothian,2016-17,507,,
CHN12b,East Lothian,2017-18,487,,
CHN12b,East Lothian,2018-19,417,,
CHN12b,East Lothian,2019-20,475,,
CHN12b,East Lothian,2020-21,632,,
CHN12b,East Lothian,2021-22,480,,
CHN12b,East Lothian,2022-23,495,,
CHN12b,East Lothian,2023-24,546,,
CHN12b,East Renfrewshire,2011-12,601,,
CHN12b,East Renfrewshire,2012-13,666,,
CHN12b,East Renfrewshire,2013-14,754,,
CHN12b,East Renfrewshire,2014-15,834,,
CHN12b,East Renfrewshire,2015-16,808,,
CHN12b,East Renfrewshire,2016-17,844,,
CHN12b,East Renfrewshire,2017-18,972,,
CHN12b,East Renfrewshire,2018-19,1039,,
CHN12b,East Renfrewshire,2019-20,971,,
CHN12b,East Renfrewshire,2020-21,1074,,
CHN12b,East Renfrewshire,2021-22,1006,,
CHN12b,East Renfrewshire,2022-23,1050,,
CHN12b,East Renfrewshire,2023-24,1024,,
CHN12b,Edinburgh City,2011-12,428,,
CHN12b,Edinburgh City,2012-13,447,,
CHN12b,Edinburgh City,2013-14,480,,
CHN12b,Edinburgh City,2014-15,544,,
CHN12b,Edinburgh City,2015-16,593,,
CHN12b,Edinburgh City,2016-17,580,,
CHN12b,Edinburgh City,2017-18,575,,
CHN12b,Edinburgh City,2018-19,573,,
CHN12b,Edinburgh City,2019-20,613,,
CHN12b,Edinburgh City,2020-21,658,,
CHN12b,Edinburgh City,2021-22,635,,
CHN12b,Edinburgh City,2022-23,621,,
CHN12b,Edinburgh City,2023-24,679,,
CHN12b,Falkirk,2011-12,442,,
CHN12b,Falkirk,2012-13,499,,
CHN12b,Falkirk,2013-14,505,,
CHN12b,Falkirk,2014-15,467,,
CHN12b,Falkirk,2015-16,516,,
CHN12b,Falkirk,2016-17,584,,
CHN12b,Falkirk,2017-18,668,,
CHN12b,Falkirk,2018-19,703,,
CHN12b,Falkirk,2019-20,700,,
CHN12b,Falkirk,2020-21,743,,
CHN12b,Falkirk,2021-22,711,,
CHN12b,Falkirk,2022-23,687,,
CHN12b,Falkirk,2023-24,728,,
CHN12b,Fife,2011-12,466,,
CHN12b,Fife,2012-13,476,,
CHN12b,Fife,2013-14,535,,
CHN12b,Fife,2014-15,540,,
CHN12b,Fife,2015-16,561,,
CHN12b,Fife,2016-17,577,,
CHN12b,Fife,2017-18,544,,
CHN12b,Fife,2018-19,555,,
CHN12b,Fife,2019-20,531,,
CHN12b,Fife,2020-21,576,,
CHN12b,Fife,2021-22,587,,
CHN12b,Fife,2022-23,545,,
CHN12b,Fife,2023-24,554,,
CHN12b,Glasgow City,2011-12,470,,
CHN12b,Glasgow City,2012-13,530,,
CHN12b,Glasgow City,2013-14,589,,
CHN12b,Glasgow City,2014-15,611,,
CHN12b,Glasgow City,2015-16,633,,
CHN12b,Glasgow City,2016-17,645,,
CHN12b,Glasgow City,2017-18,653,,
CHN12b,Glasgow City,2018-19,674,,
CHN12b,Glasgow City,2019-20,698,,
CHN12b,Glasgow City,2020-21,735,,
CHN12b,Glasgow City,2021-22,738,,
CHN12b,Glasgow City,2022-23,710,,
CHN12b,Glasgow City,2023-24,741,,
CHN12b,Highland,2011-12,462,,
CHN12b,Highland,2012-13,504,,
CHN12b,Highland,2013-14,462,,
CHN12b,Highland,2014-15,566,,
CHN12b,Highland,2015-16,539,,
CHN12b,Highland,2016-17,446,,
CHN12b,Highland,2017-18,492,,
CHN12b,Highland,2018-19,492,,
CHN12b,Highland,2019-20,517,,
CHN12b,Highland,2020-21,655,,
CHN12b,Highland,2021-22,645,,
CHN12b,Highland,2022-23,481,,
CHN12b,Highland,2023-24,523,,
CHN12b,Inverclyde,2011-12,556,,
CHN12b,Inverclyde,2012-13,579,,
CHN12b,Inverclyde,2013-14,557,,
CHN12b,Inverclyde,2014-15,624,,
CHN12b,Inverclyde,2015-16,680,,
CHN12b,Inverclyde,2016-17,674,,
CHN12b,Inverclyde,2017-18,633,,
CHN12b,Inverclyde,2018-19,698,,
CHN12b,Inverclyde,2019-20,753,,
CHN12b,Inverclyde,2020-21,737,,
CHN12b,Inverclyde,2021-22,810,,
CHN12b,Inverclyde,2022-23,690,,
CHN12b,Inverclyde,2023-24,682,,
CHN12b,Midlothian,2011-12,422,,
CHN12b,Midlothian,2012-13,544,,
CHN12b,Midlothian,2013-14,501,,
CHN12b,Midlothian,2014-15,493,,
CHN12b,Midlothian,2015-16,581,,
CHN12b,Midlothian,2016-17,577,,
CHN12b,Midlothian,2017-18,652,,
CHN12b,Midlothian,2018-19,559,,
CHN12b,Midlothian,2019-20,552,,
CHN12b,Midlothian,2020-21,576,,
CHN12b,Midlothian,2021-22,547,,
CHN12b,Midlothian,2022-23,592,,
CHN12b,Midlothian,2023-24,549,,
CHN12b,Moray,2011-12,547,,
CHN12b,Moray,2012-13,790,,
CHN12b,Moray,2013-14,639,,
CHN12b,Moray,2014-15,611,,
CHN12b,Moray,2015-16,507,,
CHN12b,Moray,2016-17,661,,
CHN12b,Moray,2017-18,601,,
CHN12b,Moray,2018-19,826,,
CHN12b,Moray,2019-20,939,,
CHN12b,Moray,2020-21,887,,
CHN12b,Moray,2021-22,735,,
CHN12b,Moray,2022-23,571,,
CHN12b,Moray,2023-24,378,,
CHN12b,North Ayrshire,2011-12,520,,
CHN12b,North Ayrshire,2012-13,522,,
CHN12b,North Ayrshire,2013-14,565,,
CHN12b,North Ayrshire,2014-15,620,,
CHN12b,North Ayrshire,2015-16,608,,
CHN12b,North Ayrshire,2016-17,695,,
CHN12b,North Ayrshire,2017-18,662,,
CHN12b,North Ayrshire,2018-19,627,,
CHN12b,North Ayrshire,2019-20,599,,
CHN12b,North Ayrshire,2020-21,678,,
CHN12b,North Ayrshire,2021-22,728,,
CHN12b,North Ayrshire,2022-23,692,,
CHN12b,North Ayrshire,2023-24,685,,
CHN12b,North Lanarkshire,2011-12,518,,
CHN12b,North Lanarkshire,2012-13,560,,
CHN12b,North Lanarkshire,2013-14,565,,
CHN12b,North Lanarkshire,2014-15,629,,
CHN12b,North Lanarkshire,2015-16,649,,
CHN12b,North Lanarkshire,2016-17,652,,
CHN12b,North Lanarkshire,2017-18,655,,
CHN12b,North Lanarkshire,2018-19,655,,
CHN12b,North Lanarkshire,2019-20,666,,
CHN12b,North Lanarkshire,2020-21,695,,
CHN12b,North Lanarkshire,2021-22,674,,
CHN12b,North Lanarkshire,2022-23,684,,
CHN12b,North Lanarkshire,2023-24,612,,
CHN12b,Perth & Kinross,2011-12,430,,
CHN12b,Perth & Kinross,2012-13,528,,
CHN12b,Perth & Kinross,2013-14,551,,
CHN12b,Perth & Kinross,2014-15,534,,
CHN12b,Perth & Kinross,2015-16,528,,
CHN12b,Perth & Kinross,2016-17,558,,
CHN12b,Perth & Kinross,2017-18,545,,
CHN12b,Perth & Kinross,2018-19,479,,
CHN12b,Perth & Kinross,2019-20,540,,
CHN12b,Perth & Kinross,2020-21,605,,
CHN12b,Perth & Kinross,2021-22,621,,
CHN12b,Perth & Kinross,2022-23,576,,
CHN12b,Perth & Kinross,2023-24,667,,
CHN12b,Renfrewshire,2011-12,503,,
CHN12b,Renfrewshire,2012-13,527,,
CHN12b,Renfrewshire,2013-14,579,,
CHN12b,Renfrewshire,2014-15,600,,
CHN12b,Renfrewshire,2015-16,577,,
CHN12b,Renfrewshire,2016-17,616,,
CHN12b,Renfrewshire,2017-18,619,,
CHN12b,Renfrewshire,2018-19,654,,
CHN12b,Renfrewshire,2019-20,701,,
CHN12b,Renfrewshire,2020-21,682,,
CHN12b,Renfrewshire,2021-22,725,,
CHN12b,Renfrewshire,2022-23,697,,
CHN12b,Renfrewshire,2023-24,721,,
CHN12b,Scottish Borders,2011-12,376,,
CHN12b,Scottish Borders,2012-13,358,,
CHN12b,Scottish Borders,2013-14,443,,
CHN12b,Scottish Borders,2014-15,522,,
CHN12b,Scottish Borders,2015-16,493,,
CHN12b,Scottish Borders,2016-17,417,,
CHN12b,Scottish Borders,2017-18,579,,
CHN12b,Scottish Borders,2018-19,440,,
CHN12b,Scottish Borders,2019-20,432,,
CHN12b,Scottish Borders,2020-21,491,,
CHN12b,Scottish Borders,2021-22,540,,
CHN12b,Scottish Borders,2022-23,498,,
CHN12b,Scottish Borders,2023-24,530,,
CHN12b,South Ayrshire,2011-12,619,,
CHN12b,South Ayrshire,2012-13,480,,
CHN12b,South Ayrshire,2013-14,546,,
CHN12b,South Ayrshire,2014-15,610,,
CHN12b,South Ayrshire,2015-16,633,,
CHN12b,South Ayrshire,2016-17,690,,
CHN12b,South Ayrshire,2017-18,683,,
CHN12b,South Ayrshire,2018-19,634,,
CHN12b,South Ayrshire,2019-20,611,,
CHN12b,South Ayrshire,2020-21,736,,
CHN12b,South Ayrshire,2021-22,637,,
CHN12b,South Ayrshire,2022-23,663,,
CHN12b,South Ayrshire,2023-24,614,,
CHN12b,South Lanarkshire,2011-12,457,,
CHN12b,South Lanarkshire,2012-13,453,,
CHN12b,South Lanarkshire,2013-14,514,,
CHN12b,South Lanarkshire,2014-15,521,,
CHN12b,South Lanarkshire,2015-16,553,,
CHN12b,South Lanarkshire,2016-17,622,,
CHN12b,South Lanarkshire,2017-18,605,,
CHN12b,South Lanarkshire,2018-19,631,,
CHN12b,South Lanarkshire,2019-20,665,,
CHN12b,South Lanarkshire,2020-21,664,,
CHN12b,South Lanarkshire,2021-22,687,,
CHN12b,South Lanarkshire,2022-23,724,,
CHN12b,South Lanarkshire,2023-24,649,,
CHN12b,Stirling,2011-12,436,,
CHN12b,Stirling,2012-13,349,,
CHN12b,Stirling,2013-14,383,,
CHN12b,Stirling,2014-15,430,,
CHN12b,Stirling,2015-16,543,,
CHN12b,Stirling,2016-17,652,,
CHN12b,Stirling,2017-18,571,,
CHN12b,Stirling,2018-19,609,,
CHN12b,Stirling,2019-20,609,,
CHN12b,Stirling,2020-21,628,,
CHN12b,Stirling,2021-22,593,,
CHN12b,Stirling,2022-23,583,,
CHN12b,Stirling,2023-24,545,,
CHN12b,West Dunbartonshire,2011-12,552,,
CHN12b,West Dunbartonshire,2012-13,519,,
CHN12b,West Dunbartonshire,2013-14,646,,
CHN12b,West Dunbartonshire,2014-15,647,,
CHN12b,West Dunbartonshire,2015-16,634,,
CHN12b,West Dunbartonshire,2016-17,704,,
CHN12b,West Dunbartonshire,2017-18,669,,
CHN12b,West Dunbartonshire,2018-19,616,,
CHN12b,West Dunbartonshire,2019-20,636,,
CHN12b,West Dunbartonshire,2020-21,662,,
CHN12b,West Dunbartonshire,2021-22,716,,
CHN12b,West Dunbartonshire,2022-23,654,,
CHN12b,West Dunbartonshire,2023-24,643,,
CHN12b,West Lothian,2011-12,475,,
CHN12b,West Lothian,2012-13,486,,
CHN12b,West Lothian,2013-14,506,,
CHN12b,West Lothian,2014-15,585,,
CHN12b,West Lothian,2015-16,691,,
CHN12b,West Lothian,2016-17,690,,
CHN12b,West Lothian,2017-18,671,,
CHN12b,West Lothian,2018-19,654,,
CHN12b,West Lothian,2019-20,685,,
CHN12b,West Lothian,2020-21,688,,
CHN12b,West Lothian,2021-22,756,,
CHN12b,West Lothian,2022-23,679,,
CHN12b,West Lothian,2023-24,676,,
CHN12c,Aberdeen City,2011-12,482,,
CHN12c,Aberdeen City,2012-13,478,,
CHN12c,Aberdeen City,2013-14,492,,
CHN12c,Aberdeen City,2014-15,538,,
CHN12c,Aberdeen City,2015-16,544,,
CHN12c,Aberdeen City,2016-17,613,,
CHN12c,Aberdeen City,2017-18,592,,
CHN12c,Aberdeen City,2018-19,603,,
CHN12c,Aberdeen City,2019-20,581,,
CHN12c,Aberdeen City,2020-21,606,,
CHN12c,Aberdeen City,2021-22,694,,
CHN12c,Aberdeen City,2022-23,580,,
CHN12c,Aberdeen City,2023-24,612,,
CHN12c,Aberdeenshire,2011-12,415,,
CHN12c,Aberdeenshire,2012-13,452,,
CHN12c,Aberdeenshire,2013-14,497,,
CHN12c,Aberdeenshire,2014-15,476,,
CHN12c,Aberdeenshire,2015-16,490,,
CHN12c,Aberdeenshire,2016-17,626,,
CHN12c,Aberdeenshire,2017-18,633,,
CHN12c,Aberdeenshire,2018-19,558,,
CHN12c,Aberdeenshire,2019-20,579,,
CHN12c,Aberdeenshire,2020-21,649,,
CHN12c,Aberdeenshire,2021-22,650,,
CHN12c,Aberdeenshire,2022-23,636,,
CHN12c,Aberdeenshire,2023-24,681,,
CHN12c,Angus,2011-12,575,,
CHN12c,Angus,2012-13,573,,
CHN12c,Angus,2013-14,593,,
CHN12c,Angus,2014-15,645,,
CHN12c,Angus,2015-16,647,,
CHN12c,Angus,2016-17,616,,
CHN12c,Angus,2017-18,663,,
CHN12c,Angus,2018-19,653,,
CHN12c,Angus,2019-20,564,,
CHN12c,Angus,2020-21,722,,
CHN12c,Angus,2021-22,686,,
CHN12c,Angus,2022-23,647,,
CHN12c,Angus,2023-24,602,,
CHN12c,Argyll & Bute,2011-12,694,,
CHN12c,Argyll & Bute,2012-13,625,,
CHN12c,Argyll & Bute,2013-14,656,,
CHN12c,Argyll & Bute,2014-15,783,,
CHN12c,Argyll & Bute,2015-16,725,,
CHN12c,Argyll & Bute,2016-17,761,,
CHN12c,Argyll & Bute,2017-18,741,,
CHN12c,Argyll & Bute,2018-19,726,,
CHN12c,Argyll & Bute,2019-20,718,,
CHN12c,Argyll & Bute,2020-21,688,,
CHN12c,Argyll & Bute,2021-22,768,,
CHN12c,Argyll & Bute,2022-23,729,,
CHN12c,Argyll & Bute,2023-24,723,,
CHN12c,Clackmannanshire,2011-12,608,,
CHN12c,Clackmannanshire,2012-13,669,,
CHN12c,Clackmannanshire,2013-14,670,,
CHN12c,Clackmannanshire,2014-15,690,,
CHN12c,Clackmannanshire,2015-16,840,,
CHN12c,Clackmannanshire,2016-17,778,,
CHN12c,Clackmannanshire,2017-18,702,,
CHN12c,Clackmannanshire,2018-19,749,,
CHN12c,Clackmannanshire,2019-20,679,,
CHN12c,Clackmannanshire,2020-21,818,,
CHN12c,Clackmannanshire,2021-22,849,,
CHN12c,Clackmannanshire,2022-23,803,,
CHN12c,Clackmannanshire,2023-24,705,,
CHN12c,Dumfries & Galloway,2011-12,601,,
CHN12c,Dumfries & Galloway,2012-13,707,,
CHN12c,Dumfries & Galloway,2013-14,676,,
CHN12c,Dumfries & Galloway,2014-15,747,,
CHN12c,Dumfries & Galloway,2015-16,705,,
CHN12c,Dumfries & Galloway,2016-17,779,,
CHN12c,Dumfries & Galloway,2017-18,698,,
CHN12c,Dumfries & Galloway,2018-19,727,,
CHN12c,Dumfries & Galloway,2019-20,711,,
CHN12c,Dumfries & Galloway,2020-21,811,,
CHN12c,Dumfries & Galloway,2021-22,735,,
CHN12c,Dumfries & Galloway,2022-23,692,,
CHN12c,Dumfries & Galloway,2023-24,688,,
CHN12c,Dundee City,2011-12,572,,
CHN12c,Dundee City,2012-13,663,,
CHN12c,Dundee City,2013-14,685,,
CHN12c,Dundee City,2014-15,683,,
CHN12c,Dundee City,2015-16,690,,
CHN12c,Dundee City,2016-17,713,,
CHN12c,Dundee City,2017-18,613,,
CHN12c,Dundee City,2018-19,704,,
CHN12c,Dundee City,2019-20,654,,
CHN12c,Dundee City,2020-21,649,,
CHN12c,Dundee City,2021-22,649,,
CHN12c,Dundee City,2022-23,704,,
CHN12c,Dundee City,2023-24,658,,
CHN12c,East Ayrshire,2011-12,591,,
CHN12c,East Ayrshire,2012-13,727,,
CHN12c,East Ayrshire,2013-14,720,,
CHN12c,East Ayrshire,2014-15,741,,
CHN12c,East Ayrshire,2015-16,773,,
CHN12c,East Ayrshire,2016-17,726,,
CHN12c,East Ayrshire,2017-18,771,,
CHN12c,East Ayrshire,2018-19,756,,
CHN12c,East Ayrshire,2019-20,787,,
CHN12c,East Ayrshire,2020-21,853,,
CHN12c,East Ayrshire,2021-22,888,,
CHN12c,East Ayrshire,2022-23,785,,
CHN12c,East Ayrshire,2023-24,809,,
CHN12c,East Dunbartonshire,2011-12,764,,
CHN12c,East Dunbartonshire,2012-13,857,,
CHN12c,East Dunbartonshire,2013-14,848,,
CHN12c,East Dunbartonshire,2014-15,936,,
CHN12c,East Dunbartonshire,2015-16,973,,
CHN12c,East Dunbartonshire,2016-17,1072,,
CHN12c,East Dunbartonshire,2017-18,1012,,
CHN12c,East Dunbartonshire,2018-19,1063,,
CHN12c,East Dunbartonshire,2019-20,1117,,
CHN12c,East Dunbartonshire,2020-21,1117,,
CHN12c,East Dunbartonshire,2021-22,1038,,
CHN12c,East Dunbartonshire,2022-23,1017,,
CHN12c,East Dunbartonshire,2023-24,1062,,
CHN12c,East Lothian,2011-12,545,,
CHN12c,East Lothian,2012-13,536,,
CHN12c,East Lothian,2013-14,624,,
CHN12c,East Lothian,2014-15,577,,
CHN12c,East Lothian,2015-16,660,,
CHN12c,East Lothian,2016-17,699,,
CHN12c,East Lothian,2017-18,731,,
CHN12c,East Lothian,2018-19,644,,
CHN12c,East Lothian,2019-20,624,,
CHN12c,East Lothian,2020-21,787,,
CHN12c,East Lothian,2021-22,735,,
CHN12c,East Lothian,2022-23,697,,
CHN12c,East Lothian,2023-24,671,,
CHN12c,East Renfrewshire,2011-12,877,,
CHN12c,East Renfrewshire,2012-13,909,,
CHN12c,East Renfrewshire,2013-14,1030,,
CHN12c,East Renfrewshire,2014-15,1155,,
CHN12c,East Renfrewshire,2015-16,1160,,
CHN12c,East Renfrewshire,2016-17,1220,,
CHN12c,East Renfrewshire,2017-18,1139,,
CHN12c,East Renfrewshire,2018-19,1090,,
CHN12c,East Renfrewshire,2019-20,1128,,
CHN12c,East Renfrewshire,2020-21,1152,,
CHN12c,East Renfrewshire,2021-22,1245,,
CHN12c,East Renfrewshire,2022-23,1158,,
CHN12c,East Renfrewshire,2023-24,1214,,
CHN12c,Edinburgh City,2011-12,553,,
CHN12c,Edinburgh City,2012-13,571,,
CHN12c,Edinburgh City,2013-14,610,,
CHN12c,Edinburgh City,2014-15,645,,
CHN12c,Edinburgh City,2015-16,684,,
CHN12c,Edinburgh City,2016-17,671,,
CHN12c,Edinburgh City,2017-18,688,,
CHN12c,Edinburgh City,2018-19,711,,
CHN12c,Edinburgh City,2019-20,696,,
CHN12c,Edinburgh City,2020-21,759,,
CHN12c,Edinburgh City,2021-22,765,,
CHN12c,Edinburgh City,2022-23,729,,
CHN12c,Edinburgh City,2023-24,765,,
CHN12c,Eilean Siar,2011-12,807,,
CHN12c,Eilean Siar,2012-13,791,,
CHN12c,Eilean Siar,2013-14,859,,
CHN12c,Eilean Siar,2015-16,1014,,
CHN12c,Eilean Siar,2016-17,885,,
CHN12c,Eilean Siar,2017-18,838,,
CHN12c,Eilean Siar,2018-19,947,,
CHN12c,Eilean Siar,2019-20,812,,
CHN12c,Eilean Siar,2020-21,960,,
CHN12c,Eilean Siar,2021-22,818,,
CHN12c,Eilean Siar,2022-23,765,,
CHN12c,Eilean Siar,2023-24,817,,
CHN12c,Falkirk,2011-12,558,,
CHN12c,Falkirk,2012-13,630,,
CHN12c,Falkirk,2013-14,609,,
CHN12c,Falkirk,2014-15,647,,
CHN12c,Falkirk,2015-16,722,,
CHN12c,Falkirk,2016-17,715,,
CHN12c,Falkirk,2017-18,788,,
CHN12c,Falkirk,2018-19,748,,
CHN12c,Falkirk,2019-20,816,,
CHN12c,Falkirk,2020-21,794,,
CHN12c,Falkirk,2021-22,826,,
CHN12c,Falkirk,2022-23,811,,
CHN12c,Falkirk,2023-24,821,,
CHN12c,Fife,2011-12,572,,
CHN12c,Fife,2012-13,606,,
CHN12c,Fife,2013-14,643,,
CHN12c,Fife,2014-15,666,,
CHN12c,Fife,2015-16,675,,
CHN12c,Fife,2016-17,653,,
CHN12c,Fife,2017-18,698,,
CHN12c,Fife,2018-19,679,,
CHN12c,Fife,2019-20,690,,
CHN12c,Fife,2020-21,730,,
CHN12c,Fife,2021-22,735,,
CHN12c,Fife,2022-23,682,,
CHN12c,Fife,2023-24,648,,
CHN12c,Glasgow City,2011-12,634,,
CHN12c,Glasgow City,2012-13,675,,
CHN12c,Glasgow City,2013-14,770,,
CHN12c,Glasgow City,2014-15,770,,
CHN12c,Glasgow City,2015-16,773,,
CHN12c,Glasgow City,2016-17,787,,
CHN12c,Glasgow City,2017-18,789,,
CHN12c,Glasgow City,2018-19,789,,
CHN12c,Glasgow City,2019-20,804,,
CHN12c,Glasgow City,2020-21,918,,
CHN12c,Glasgow City,2021-22,892,,
CHN12c,Glasgow City,2022-23,892,,
CHN12c,Glasgow City,2023-24,897,,
CHN12c,Highland,2011-12,637,,
CHN12c,Highland,2012-13,637,,
CHN12c,Highland,2013-14,621,,
CHN12c,Highland,2014-15,644,,
CHN12c,Highland,2015-16,641,,
CHN12c,Highland,2016-17,633,,
CHN12c,Highland,2017-18,683,,
CHN12c,Highland,2018-19,580,,
CHN12c,Highland,2019-20,702,,
CHN12c,Highland,2020-21,682,,
CHN12c,Highland,2021-22,666,,
CHN12c,Highland,2022-23,673,,
CHN12c,Highland,2023-24,695,,
CHN12c,Inverclyde,2011-12,746,,
CHN12c,Inverclyde,2012-13,716,,
CHN12c,Inverclyde,2013-14,677,,
CHN12c,Inverclyde,2014-15,813,,
CHN12c,Inverclyde,2015-16,843,,
CHN12c,Inverclyde,2016-17,925,,
CHN12c,Inverclyde,2017-18,766,,
CHN12c,Inverclyde,2018-19,833,,
CHN12c,Inverclyde,2019-20,828,,
CHN12c,Inverclyde,2020-21,909,,
CHN12c,Inverclyde,2021-22,970,,
CHN12c,Inverclyde,2022-23,717,,
CHN12c,Inverclyde,2023-24,829,,
CHN12c,Midlothian,2011-12,541,,
CHN12c,Midlothian,2012-13,541,,
CHN12c,Midlothian,2013-14,537,,
CHN12c,Midlothian,2014-15,577,,
CHN12c,Midlothian,2015-16,698,,
CHN12c,Midlothian,2016-17,719,,
CHN12c,Midlothian,2017-18,701,,
CHN12c,Midlothian,2018-19,666,,
CHN12c,Midlothian,2019-20,678,,
CHN12c,Midlothian,2020-21,677,,
CHN12c,Midlothian,2021-22,724,,
CHN12c,Midlothian,2022-23,691,,
CHN12c,Midlothian,2023-24,657,,
CHN12c,Moray,2011-12,592,,
CHN12c,Moray,2012-13,664,,
CHN12c,Moray,2013-14,782,,
CHN12c,Moray,2014-15,693,,
CHN12c,Moray,2015-16,818,,
CHN12c,Moray,2016-17,711,,
CHN12c,Moray,2017-18,702,,
CHN12c,Moray,2018-19,573,,
CHN12c,Moray,2019-20,687,,
CHN12c,Moray,2020-21,635,,
CHN12c,Moray,2021-22,637,,
CHN12c,Moray,2022-23,581,,
CHN12c,Moray,2023-24,620,,
CHN12c,North Ayrshire,2011-12,560,,
CHN12c,North Ayrshire,2012-13,625,,
CHN12c,North Ayrshire,2013-14,733,,
CHN12c,North Ayrshire,2014-15,720,,
CHN12c,North Ayrshire,2015-16,719,,
CHN12c,North Ayrshire,2016-17,803,,
CHN12c,North Ayrshire,2017-18,837,,
CHN12c,North Ayrshire,2018-19,781,,
CHN12c,North Ayrshire,2019-20,814,,
CHN12c,North Ayrshire,2020-21,838,,
CHN12c,North Ayrshire,2021-22,825,,
CHN12c,North Ayrshire,2022-23,937,,
CHN12c,North Ayrshire,2023-24,801,,
CHN12c,North Lanarkshire,2011-12,659,,
CHN12c,North Lanarkshire,2012-13,683,,
CHN12c,North Lanarkshire,2013-14,744,,
CHN12c,North Lanarkshire,2014-15,763,,
CHN12c,North Lanarkshire,2015-16,805,,
CHN12c,North Lanarkshire,2016-17,791,,
CHN12c,North Lanarkshire,2017-18,828,,
CHN12c,North Lanarkshire,2018-19,791,,
CHN12c,North Lanarkshire,2019-20,818,,
CHN12c,North Lanarkshire,2020-21,845,,
CHN12c,North Lanarkshire,2021-22,859,,
CHN12c,North Lanarkshire,2022-23,863,,
CHN12c,North Lanarkshire,2023-24,778,,
CHN12c,Orkney Islands,2011-12,903,,
CHN12c,Orkney Islands,2012-13,686,,
CHN12c,Orkney Islands,2013-14,829,,
CHN12c,Orkney Islands,2014-15,1026,,
CHN12c,Orkney Islands,2015-16,886,,
CHN12c,Orkney Islands,2016-17,998,,
CHN12c,Orkney Islands,2017-18,868,,
CHN12c,Orkney Islands,2018-19,895,,
CHN12c,Orkney Islands,2019-20,640,,
CHN12c,Orkney Islands,2020-21,1064,,
CHN12c,Orkney Islands,2021-22,768,,
CHN12c,Orkney Islands,2022-23,775,,
CHN12c,Orkney Islands,2023-24,827,,
CHN12c,Perth & Kinross,2011-12,635,,
CHN12c,Perth & Kinross,2012-13,590,,
CHN12c,Perth & Kinross,2013-14,605,,
CHN12c,Perth & Kinross,2014-15,758,,
CHN12c,Perth & Kinross,2015-16,746,,
CHN12c,Perth & Kinross,2016-17,658,,
CHN12c,Perth & Kinross,2017-18,648,,
CHN12c,Perth & Kinross,2018-19,617,,
CHN12c,Perth & Kinross,2019-20,625,,
CHN12c,Perth & Kinross,2020-21,720,,
CHN12c,Perth & Kinross,2021-22,713,,
CHN12c,Perth & Kinross,2022-23,658,,
CHN12c,Perth & Kinross,2023-24,645,,
CHN12c,Renfrewshire,2011-12,616,,
CHN12c,Renfrewshire,2012-13,659,,
CHN12c,Renfrewshire,2013-14,714,,
CHN12c,Renfrewshire,2014-15,689,,
CHN12c,Renfrewshire,2015-16,714,,
CHN12c,Renfrewshire,2016-17,828,,
CHN12c,Renfrewshire,2017-18,782,,
CHN12c,Renfrewshire,2018-19,817,,
CHN12c,Renfrewshire,2019-20,761,,
CHN12c,Renfrewshire,2020-21,883,,
CHN12c,Renfrewshire,2021-22,851,,
CHN12c,Renfrewshire,2022-23,838,,
CHN12c,Renfrewshire,2023-24,741,,
CHN12c,Scottish Borders,2011-12,625,,
CHN12c,Scottish Borders,2012-13,572,,
CHN12c,Scottish Borders,2013-14,581,,
CHN12c,Scottish Borders,2014-15,780,,
CHN12c,Scottish Borders,2015-16,655,,
CHN12c,Scottish Borders,2016-17,740,,
CHN12c,Scottish Borders,2017-18,619,,
CHN12c,Scottish Borders,2018-19,665,,
CHN12c,Scottish Borders,2019-20,694,,
CHN12c,Scottish Borders,2020-21,807,,
CHN12c,Scottish Borders,2021-22,814,,
CHN12c,Scottish Borders,2022-23,723,,
CHN12c,Scottish Borders,2023-24,674,,
CHN12c,Shetland Islands,2011-12,739,,
CHN12c,Shetland Islands,2012-13,942,,
CHN12c,Shetland Islands,2013-14,449,,
CHN12c,Shetland Islands,2015-16,1180,,
CHN12c,Shetland Islands,2016-17,618,,
CHN12c,Shetland Islands,2017-18,1076,,
CHN12c,Shetland Islands,2018-19,470,,
CHN12c,Shetland Islands,2019-20,891,,
CHN12c,Shetland Islands,2020-21,1355,,
CHN12c,Shetland Islands,2021-22,1012,,
CHN12c,Shetland Islands,2022-23,1127,,
CHN12c,Shetland Islands,2023-24,984,,
CHN12c,South Ayrshire,2011-12,754,,
CHN12c,South Ayrshire,2012-13,723,,
CHN12c,South Ayrshire,2013-14,782,,
CHN12c,South Ayrshire,2014-15,802,,
CHN12c,South Ayrshire,2015-16,808,,
CHN12c,South Ayrshire,2016-17,851,,
CHN12c,South Ayrshire,2017-18,797,,
CHN12c,South Ayrshire,2018-19,837,,
CHN12c,South Ayrshire,2019-20,880,,
CHN12c,South Ayrshire,2020-21,906,,
CHN12c,South Ayrshire,2021-22,945,,
CHN12c,South Ayrshire,2022-23,927,,
CHN12c,South Ayrshire,2023-24,806,,
CHN12c,South Lanarkshire,2011-12,662,,
CHN12c,South Lanarkshire,2012-13,600,,
CHN12c,South Lanarkshire,2013-14,684,,
CHN12c,South Lanarkshire,2014-15,709,,
CHN12c,South Lanarkshire,2015-16,730,,
CHN12c,South Lanarkshire,2016-17,787,,
CHN12c,South Lanarkshire,2017-18,794,,
CHN12c,South Lanarkshire,2018-19,778,,
CHN12c,South Lanarkshire,2019-20,780,,
CHN12c,South Lanarkshire,2020-21,842,,
CHN12c,South Lanarkshire,2021-22,885,,
CHN12c,South Lanarkshire,2022-23,875,,
CHN12c,South Lanarkshire,2023-24,848,,
CHN12c,Stirling,2011-12,625,,
CHN12c,Stirling,2012-13,630,,
CHN12c,Stirling,2013-14,663,,
CHN12c,Stirling,2014-15,715,,
CHN12c,Stirling,2015-16,754,,
CHN12c,Stirling,2016-17,645,,
CHN12c,Stirling,2017-18,746,,
CHN12c,Stirling,2018-19,769,,
CHN12c,Stirling,2019-20,708,,
CHN12c,Stirling,2020-21,785,,
CHN12c,Stirling,2021-22,918,,
CHN12c,Stirling,2022-23,716,,
CHN12c,Stirling,2023-24,727,,
CHN12c,West Dunbartonshire,2011-12,680,,
CHN12c,West Dunbartonshire,2012-13,722,,
CHN12c,West Dunbartonshire,2013-14,763,,
CHN12c,West Dunbartonshire,2014-15,779,,
CHN12c,West Dunbartonshire,2015-16,814,,
CHN12c,West Dunbartonshire,2016-17,858,,
CHN12c,West Dunbartonshire,2017-18,772,,
CHN12c,West Dunbartonshire,2018-19,774,,
CHN12c,West Dunbartonshire,2019-20,906,,
CHN12c,West Dunbartonshire,2020-21,891,,
CHN12c,West Dunbartonshire,2021-22,973,,
CHN12c,West Dunbartonshire,2022-23,821,,
CHN12c,West Dunbartonshire,2023-24,770,,
CHN12c,West Lothian,2011-12,598,,
CHN12c,West Lothian,2012-13,655,,
CHN12c,West Lothian,2013-14,694,,
CHN12c,West Lothian,2014-15,746,,
CHN12c,West Lothian,2015-16,773,,
CHN12c,West Lothian,2016-17,721,,
CHN12c,West Lothian,2017-18,786,,
CHN12c,West Lothian,2018-19,782,,
CHN12c,West Lothian,2019-20,801,,
CHN12c,West Lothian,2020-21,868,,
CHN12c,West Lothian,2021-22,888,,
CHN12c,West Lothian,2022-23,835,,
CHN12c,West Lothian,2023-24,812,,
CHN12d,Aberdeen City,2011-12,615,,
CHN12d,Aberdeen City,2012-13,598,,
CHN12d,Aberdeen City,2013-14,686,,
CHN12d,Aberdeen City,2014-15,659,,
CHN12d,Aberdeen City,2015-16,695,,
CHN12d,Aberdeen City,2016-17,621,,
CHN12d,Aberdeen City,2017-18,795,,
CHN12d,Aberdeen City,2018-19,706,,
CHN12d,Aberdeen City,2019-20,714,,
CHN12d,Aberdeen City,2020-21,751,,
CHN12d,Aberdeen City,2021-22,829,,
CHN12d,Aberdeen City,2022-23,783,,
CHN12d,Aberdeen City,2023-24,783,,
CHN12d,Aberdeenshire,2011-12,675,,
CHN12d,Aberdeenshire,2012-13,642,,
CHN12d,Aberdeenshire,2013-14,623,,
CHN12d,Aberdeenshire,2014-15,702,,
CHN12d,Aberdeenshire,2015-16,678,,
CHN12d,Aberdeenshire,2016-17,719,,
CHN12d,Aberdeenshire,2017-18,771,,
CHN12d,Aberdeenshire,2018-19,751,,
CHN12d,Aberdeenshire,2019-20,736,,
CHN12d,Aberdeenshire,2020-21,839,,
CHN12d,Aberdeenshire,2021-22,820,,
CHN12d,Aberdeenshire,2022-23,792,,
CHN12d,Aberdeenshire,2023-24,800,,
CHN12d,Angus,2011-12,698,,
CHN12d,Angus,2012-13,674,,
CHN12d,Angus,2013-14,734,,
CHN12d,Angus,2014-15,740,,
CHN12d,Angus,2015-16,761,,
CHN12d,Angus,2016-17,878,,
CHN12d,Angus,2017-18,838,,
CHN12d,Angus,2018-19,771,,
CHN12d,Angus,2019-20,744,,
CHN12d,Angus,2020-21,858,,
CHN12d,Angus,2021-22,834,,
CHN12d,Angus,2022-23,757,,
CHN12d,Angus,2023-24,729,,
CHN12d,Argyll & Bute,2011-12,818,,
CHN12d,Argyll & Bute,2012-13,774,,
CHN12d,Argyll & Bute,2013-14,871,,
CHN12d,Argyll & Bute,2014-15,870,,
CHN12d,Argyll & Bute,2015-16,862,,
CHN12d,Argyll & Bute,2016-17,875,,
CHN12d,Argyll & Bute,2017-18,877,,
CHN12d,Argyll & Bute,2018-19,811,,
CHN12d,Argyll & Bute,2019-20,859,,
CHN12d,Argyll & Bute,2020-21,935,,
CHN12d,Argyll & Bute,2021-22,962,,
CHN12d,Argyll & Bute,2022-23,919,,
CHN12d,Argyll & Bute,2023-24,851,,
CHN12d,Clackmannanshire,2011-12,721,,
CHN12d,Clackmannanshire,2012-13,768,,
CHN12d,Clackmannanshire,2013-14,669,,
CHN12d,Clackmannanshire,2014-15,779,,
CHN12d,Clackmannanshire,2015-16,792,,
CHN12d,Clackmannanshire,2016-17,780,,
CHN12d,Clackmannanshire,2017-18,802,,
CHN12d,Clackmannanshire,2018-19,876,,
CHN12d,Clackmannanshire,2019-20,767,,
CHN12d,Clackmannanshire,2020-21,953,,
CHN12d,Clackmannanshire,2021-22,1017,,
CHN12d,Clackmannanshire,2022-23,665,,
CHN12d,Clackmannanshire,2023-24,971,,
CHN12d,Dumfries & Galloway,2011-12,776,,
CHN12d,Dumfries & Galloway,2012-13,840,,
CHN12d,Dumfries & Galloway,2013-14,836,,
CHN12d,Dumfries & Galloway,2014-15,900,,
CHN12d,Dumfries & Galloway,2015-16,895,,
CHN12d,Dumfries & Galloway,2016-17,956,,
CHN12d,Dumfries & Galloway,2017-18,906,,
CHN12d,Dumfries & Galloway,2018-19,924,,
CHN12d,Dumfries & Galloway,2019-20,928,,
CHN12d,Dumfries & Galloway,2020-21,989,,
CHN12d,Dumfries & Galloway,2021-22,992,,
CHN12d,Dumfries & Galloway,2022-23,931,,
CHN12d,Dumfries & Galloway,2023-24,883,,
CHN12d,Dundee City,2011-12,749,,
CHN12d,Dundee City,2012-13,823,,
CHN12d,Dundee City,2013-14,849,,
CHN12d,Dundee City,2014-15,864,,
CHN12d,Dundee City,2015-16,870,,
CHN12d,Dundee City,2016-17,866,,
CHN12d,Dundee City,2017-18,856,,
CHN12d,Dundee City,2018-19,895,,
CHN12d,Dundee City,2019-20,904,,
CHN12d,Dundee City,2020-21,891,,
CHN12d,Dundee City,2021-22,1011,,
CHN12d,Dundee City,2022-23,922,,
CHN12d,Dundee City,2023-24,877,,
CHN12d,East Ayrshire,2011-12,906,,
CHN12d,East Ayrshire,2012-13,888,,
CHN12d,East Ayrshire,2013-14,873,,
CHN12d,East Ayrshire,2014-15,896,,
CHN12d,East Ayrshire,2015-16,917,,
CHN12d,East Ayrshire,2016-17,1039,,
CHN12d,East Ayrshire,2017-18,896,,
CHN12d,East Ayrshire,2018-19,858,,
CHN12d,East Ayrshire,2019-20,896,,
CHN12d,East Ayrshire,2020-21,962,,
CHN12d,East Ayrshire,2021-22,945,,
CHN12d,East Ayrshire,2022-23,929,,
CHN12d,East Ayrshire,2023-24,884,,
CHN12d,East Dunbartonshire,2011-12,956,,
CHN12d,East Dunbartonshire,2012-13,1102,,
CHN12d,East Dunbartonshire,2013-14,1046,,
CHN12d,East Dunbartonshire,2014-15,1196,,
CHN12d,East Dunbartonshire,2015-16,1150,,
CHN12d,East Dunbartonshire,2016-17,1155,,
CHN12d,East Dunbartonshire,2017-18,1266,,
CHN12d,East Dunbartonshire,2018-19,1105,,
CHN12d,East Dunbartonshire,2019-20,1231,,
CHN12d,East Dunbartonshire,2020-21,1219,,
CHN12d,East Dunbartonshire,2021-22,1158,,
CHN12d,East Dunbartonshire,2022-23,1161,,
CHN12d,East Dunbartonshire,2023-24,1218,,
CHN12d,East Lothian,2011-12,782,,
CHN12d,East Lothian,2012-13,704,,
CHN12d,East Lothian,2013-14,790,,
CHN12d,East Lothian,2014-15,777,,
CHN12d,East Lothian,2015-16,905,,
CHN12d,East Lothian,2016-17,859,,
CHN12d,East Lothian,2017-18,888,,
CHN12d,East Lothian,2018-19,911,,
CHN12d,East Lothian,2019-20,840,,
CHN12d,East Lothian,2020-21,1034,,
CHN12d,East Lothian,2021-22,951,,
CHN12d,East Lothian,2022-23,989,,
CHN12d,East Lothian,2023-24,928,,
CHN12d,East Renfrewshire,2011-12,1096,,
CHN12d,East Renfrewshire,2012-13,1007,,
CHN12d,East Renfrewshire,2013-14,1204,,
CHN12d,East Renfrewshire,2014-15,1263,,
CHN12d,East Renfrewshire,2015-16,1243,,
CHN12d,East Renfrewshire,2016-17,1281,,
CHN12d,East Renfrewshire,2017-18,1324,,
CHN12d,East Renfrewshire,2018-19,1276,,
CHN12d,East Renfrewshire,2019-20,1330,,
CHN12d,East Renfrewshire,2020-21,1339,,
CHN12d,East Renfrewshire,2021-22,1264,,
CHN12d,East Renfrewshire,2022-23,1296,,
CHN12d,East Renfrewshire,2023-24,1247,,
CHN12d,Edinburgh City,2011-12,631,,
CHN12d,Edinburgh City,2012-13,711,,
CHN12d,Edinburgh City,2013-14,744,,
CHN12d,Edinburgh City,2014-15,703,,
CHN12d,Edinburgh City,2015-16,761,,
CHN12d,Edinburgh City,2016-17,800,,
CHN12d,Edinburgh City,2017-18,821,,
CHN12d,Edinburgh City,2018-19,843,,
CHN12d,Edinburgh City,2019-20,898,,
CHN12d,Edinburgh City,2020-21,914,,
CHN12d,Edinburgh City,2021-22,967,,
CHN12d,Edinburgh City,2022-23,885,,
CHN12d,Edinburgh City,2023-24,849,,
CHN12d,Eilean Siar,2011-12,872,,
CHN12d,Eilean Siar,2012-13,849,,
CHN12d,Eilean Siar,2013-14,898,,
CHN12d,Eilean Siar,2014-15,947,,
CHN12d,Eilean Siar,2015-16,892,,
CHN12d,Eilean Siar,2016-17,933,,
CHN12d,Eilean Siar,2017-18,970,,
CHN12d,Eilean Siar,2018-19,860,,
CHN12d,Eilean Siar,2019-20,909,,
CHN12d,Eilean Siar,2020-21,941,,
CHN12d,Eilean Siar,2021-22,907,,
CHN12d,Eilean Siar,2022-23,894,,
CHN12d,Eilean Siar,2023-24,841,,
CHN12d,Falkirk,2011-12,710,,
CHN12d,Falkirk,2012-13,720,,
CHN12d,Falkirk,2013-14,768,,
CHN12d,Falkirk,2014-15,803,,
CHN12d,Falkirk,2015-16,854,,
CHN12d,Falkirk,2016-17,890,,
CHN12d,Falkirk,2017-18,919,,
CHN12d,Falkirk,2018-19,919,,
CHN12d,Falkirk,2019-20,1004,,
CHN12d,Falkirk,2020-21,1128,,
CHN12d,Falkirk,2021-22,1022,,
CHN12d,Falkirk,2022-23,998,,
CHN12d,Falkirk,2023-24,952,,
CHN12d,Fife,2011-12,697,,
CHN12d,Fife,2012-13,761,,
CHN12d,Fife,2013-14,771,,
CHN12d,Fife,2014-15,805,,
CHN12d,Fife,2015-16,820,,
CHN12d,Fife,2016-17,807,,
CHN12d,Fife,2017-18,837,,
CHN12d,Fife,2018-19,839,,
CHN12d,Fife,2019-20,799,,
CHN12d,Fife,2020-21,833,,
CHN12d,Fife,2021-22,869,,
CHN12d,Fife,2022-23,821,,
CHN12d,Fife,2023-24,834,,
CHN12d,Glasgow City,2011-12,756,,
CHN12d,Glasgow City,2012-13,797,,
CHN12d,Glasgow City,2013-14,817,,
CHN12d,Glasgow City,2014-15,830,,
CHN12d,Glasgow City,2015-16,846,,
CHN12d,Glasgow City,2016-17,899,,
CHN12d,Glasgow City,2017-18,917,,
CHN12d,Glasgow City,2018-19,905,,
CHN12d,Glasgow City,2019-20,993,,
CHN12d,Glasgow City,2020-21,1032,,
CHN12d,Glasgow City,2021-22,988,,
CHN12d,Glasgow City,2022-23,944,,
CHN12d,Glasgow City,2023-24,950,,
CHN12d,Highland,2011-12,800,,
CHN12d,Highland,2012-13,809,,
CHN12d,Highland,2013-14,846,,
CHN12d,Highland,2014-15,873,,
CHN12d,Highland,2015-16,878,,
CHN12d,Highland,2016-17,852,,
CHN12d,Highland,2017-18,882,,
CHN12d,Highland,2018-19,791,,
CHN12d,Highland,2019-20,853,,
CHN12d,Highland,2020-21,958,,
CHN12d,Highland,2021-22,902,,
CHN12d,Highland,2022-23,879,,
CHN12d,Highland,2023-24,852,,
CHN12d,Inverclyde,2011-12,912,,
CHN12d,Inverclyde,2012-13,986,,
CHN12d,Inverclyde,2013-14,903,,
CHN12d,Inverclyde,2014-15,920,,
CHN12d,Inverclyde,2015-16,923,,
CHN12d,Inverclyde,2016-17,1104,,
CHN12d,Inverclyde,2017-18,1089,,
CHN12d,Inverclyde,2018-19,969,,
CHN12d,Inverclyde,2019-20,1072,,
CHN12d,Inverclyde,2020-21,941,,
CHN12d,Inverclyde,2021-22,1224,,
CHN12d,Inverclyde,2022-23,982,,
CHN12d,Inverclyde,2023-24,1017,,
CHN12d,Midlothian,2011-12,727,,
CHN12d,Midlothian,2012-13,669,,
CHN12d,Midlothian,2013-14,783,,
CHN12d,Midlothian,2014-15,842,,
CHN12d,Midlothian,2015-16,849,,
CHN12d,Midlothian,2016-17,792,,
CHN12d,Midlothian,2017-18,845,,
CHN12d,Midlothian,2018-19,784,,
CHN12d,Midlothian,2019-20,849,,
CHN12d,Midlothian,2020-21,1004,,
CHN12d,Midlothian,2021-22,1008,,
CHN12d,Midlothian,2022-23,869,,
CHN12d,Midlothian,2023-24,826,,
CHN12d,Moray,2011-12,675,,
CHN12d,Moray,2012-13,701,,
CHN12d,Moray,2013-14,788,,
CHN12d,Moray,2014-15,790,,
CHN12d,Moray,2015-16,748,,
CHN12d,Moray,2016-17,655,,
CHN12d,Moray,2017-18,677,,
CHN12d,Moray,2018-19,830,,
CHN12d,Moray,2019-20,729,,
CHN12d,Moray,2020-21,868,,
CHN12d,Moray,2021-22,868,,
CHN12d,Moray,2022-23,820,,
CHN12d,Moray,2023-24,780,,
CHN12d,North Ayrshire,2011-12,762,,
CHN12d,North Ayrshire,2012-13,912,,
CHN12d,North Ayrshire,2013-14,764,,
CHN12d,North Ayrshire,2014-15,826,,
CHN12d,North Ayrshire,2015-16,877,,
CHN12d,North Ayrshire,2016-17,1042,,
CHN12d,North Ayrshire,2017-18,1039,,
CHN12d,North Ayrshire,2018-19,850,,
CHN12d,North Ayrshire,2019-20,973,,
CHN12d,North Ayrshire,2020-21,1055,,
CHN12d,North Ayrshire,2021-22,1093,,
CHN12d,North Ayrshire,2022-23,970,,
CHN12d,North Ayrshire,2023-24,985,,
CHN12d,North Lanarkshire,2011-12,769,,
CHN12d,North Lanarkshire,2012-13,815,,
CHN12d,North Lanarkshire,2013-14,844,,
CHN12d,North Lanarkshire,2014-15,918,,
CHN12d,North Lanarkshire,2015-16,953,,
CHN12d,North Lanarkshire,2016-17,983,,
CHN12d,North Lanarkshire,2017-18,957,,
CHN12d,North Lanarkshire,2018-19,974,,
CHN12d,North Lanarkshire,2019-20,984,,
CHN12d,North Lanarkshire,2020-21,924,,
CHN12d,North Lanarkshire,2021-22,937,,
CHN12d,North Lanarkshire,2022-23,953,,
CHN12d,North Lanarkshire,2023-24,858,,
CHN12d,Orkney Islands,2011-12,701,,
CHN12d,Orkney Islands,2012-13,787,,
CHN12d,Orkney Islands,2013-14,709,,
CHN12d,Orkney Islands,2014-15,811,,
CHN12d,Orkney Islands,2015-16,911,,
CHN12d,Orkney Islands,2016-17,1109,,
CHN12d,Orkney Islands,2017-18,825,,
CHN12d,Orkney Islands,2018-19,949,,
CHN12d,Orkney Islands,2019-20,632,,
CHN12d,Orkney Islands,2020-21,896,,
CHN12d,Orkney Islands,2021-22,1088,,
CHN12d,Orkney Islands,2022-23,1140,,
CHN12d,Orkney Islands,2023-24,1037,,
CHN12d,Perth & Kinross,2011-12,783,,
CHN12d,Perth & Kinross,2012-13,789,,
CHN12d,Perth & Kinross,2013-14,792,,
CHN12d,Perth & Kinross,2014-15,928,,
CHN12d,Perth & Kinross,2015-16,848,,
CHN12d,Perth & Kinross,2016-17,1029,,
CHN12d,Perth & Kinross,2017-18,858,,
CHN12d,Perth & Kinross,2018-19,860,,
CHN12d,Perth & Kinross,2019-20,884,,
CHN12d,Perth & Kinross,2020-21,947,,
CHN12d,Perth & Kinross,2021-22,979,,
CHN12d,Perth & Kinross,2022-23,834,,
CHN12d,Perth & Kinross,2023-24,946,,
CHN12d,Renfrewshire,2011-12,822,,
CHN12d,Renfrewshire,2012-13,799,,
CHN12d,Renfrewshire,2013-14,894,,
CHN12d,Renfrewshire,2014-15,901,,
CHN12d,Renfrewshire,2015-16,883,,
CHN12d,Renfrewshire,2016-17,922,,
CHN12d,Renfrewshire,2017-18,969,,
CHN12d,Renfrewshire,2018-19,972,,
CHN12d,Renfrewshire,2019-20,989,,
CHN12d,Renfrewshire,2020-21,1051,,
CHN12d,Renfrewshire,2021-22,1047,,
CHN12d,Renfrewshire,2022-23,1005,,
CHN12d,Renfrewshire,2023-24,932,,
CHN12d,Scottish Borders,2011-12,744,,
CHN12d,Scottish Borders,2012-13,747,,
CHN12d,Scottish Borders,2013-14,798,,
CHN12d,Scottish Borders,2014-15,836,,
CHN12d,Scottish Borders,2015-16,760,,
CHN12d,Scottish Borders,2016-17,821,,
CHN12d,Scottish Borders,2017-18,854,,
CHN12d,Scottish Borders,2018-19,783,,
CHN12d,Scottish Borders,2019-20,842,,
CHN12d,Scottish Borders,2020-21,911,,
CHN12d,Scottish Borders,2021-22,908,,
CHN12d,Scottish Borders,2022-23,829,,
CHN12d,Scottish Borders,2023-24,806,,
CHN12d,Shetland Islands,2011-12,780,,
CHN12d,Shetland Islands,2012-13,846,,
CHN12d,Shetland Islands,2013-14,843,,
CHN12d,Shetland Islands,2014-15,942,,
CHN12d,Shetland Islands,2015-16,1059,,
CHN12d,Shetland Islands,2016-17,886,,
CHN12d,Shetland Islands,2017-18,955,,
CHN12d,Shetland Islands,2018-19,1008,,
CHN12d,Shetland Islands,2019-20,926,,
CHN12d,Shetland Islands,2020-21,1025,,
CHN12d,Shetland Islands,2021-22,985,,
CHN12d,Shetland Islands,2022-23,962,,
CHN12d,Shetland Islands,2023-24,958,,
CHN12d,South Ayrshire,2011-12,827,,
CHN12d,South Ayrshire,2012-13,869,,
CHN12d,South Ayrshire,2013-14,906,,
CHN12d,South Ayrshire,2014-15,887,,
CHN12d,South Ayrshire,2015-16,937,,
CHN12d,South Ayrshire,2016-17,994,,
CHN12d,South Ayrshire,2017-18,951,,
CHN12d,South Ayrshire,2018-19,946,,
CHN12d,South Ayrshire,2019-20,974,,
CHN12d,South Ayrshire,2020-21,1014,,
CHN12d,South Ayrshire,2021-22,947,,
CHN12d,South Ayrshire,2022-23,949,,
CHN12d,South Ayrshire,2023-24,902,,
CHN12d,South Lanarkshire,2011-12,741,,
CHN12d,South Lanarkshire,2012-13,856,,
CHN12d,South Lanarkshire,2013-14,836,,
CHN12d,South Lanarkshire,2014-15,864,,
CHN12d,South Lanarkshire,2015-16,932,,
CHN12d,South Lanarkshire,2016-17,882,,
CHN12d,South Lanarkshire,2017-18,977,,
CHN12d,South Lanarkshire,2018-19,931,,
CHN12d,South Lanarkshire,2019-20,999,,
CHN12d,South Lanarkshire,2020-21,1097,,
CHN12d,South Lanarkshire,2021-22,1035,,
CHN12d,South Lanarkshire,2022-23,1000,,
CHN12d,South Lanarkshire,2023-24,996,,
CHN12d,Stirling,2011-12,880,,
CHN12d,Stirling,2012-13,940,,
CHN12d,Stirling,2013-14,837,,
CHN12d,Stirling,2014-15,910,,
CHN12d,Stirling,2015-16,925,,
CHN12d,Stirling,2016-17,936,,
CHN12d,Stirling,2017-18,963,,
CHN12d,Stirling,2018-19,929,,
CHN12d,Stirling,2019-20,1017,,
CHN12d,Stirling,2020-21,1032,,
CHN12d,Stirling,2021-22,1021,,
CHN12d,Stirling,2022-23,925,,
CHN12d,Stirling,2023-24,965,,
CHN12d,West Dunbartonshire,2011-12,902,,
CHN12d,West Dunbartonshire,2012-13,941,,
CHN12d,West Dunbartonshire,2013-14,937,,
CHN12d,West Dunbartonshire,2014-15,923,,
CHN12d,West Dunbartonshire,2015-16,951,,
CHN12d,West Dunbartonshire,2016-17,920,,
CHN12d,West Dunbartonshire,2017-18,840,,
CHN12d,West Dunbartonshire,2018-19,986,,
CHN12d,West Dunbartonshire,2019-20,939,,
CHN12d,West Dunbartonshire,2020-21,1043,,
CHN12d,West Dunbartonshire,2021-22,1008,,
CHN12d,West Dunbartonshire,2022-23,961,,
CHN12d,West Dunbartonshire,2023-24,922,,
CHN12d,West Lothian,2011-12,732,,
CHN12d,West Lothian,2012-13,755,,
CHN12d,West Lothian,2013-14,861,,
CHN12d,West Lothian,2014-15,914,,
CHN12d,West Lothian,2015-16,932,,
CHN12d,West Lothian,2016-17,876,,
CHN12d,West Lothian,2017-18,933,,
CHN12d,West Lothian,2018-19,925,,
CHN12d,West Lothian,2019-20,945,,
CHN12d,West Lothian,2020-21,1004,,
CHN12d,West Lothian,2021-22,1048,,
CHN12d,West Lothian,2022-23,966,,
CHN12d,West Lothian,2023-24,1034,,
CHN12e,Aberdeen City,2011-12,888,,
CHN12e,Aberdeen City,2012-13,826,,
CHN12e,Aberdeen City,2013-14,877,,
CHN12e,Aberdeen City,2014-15,929,,
CHN12e,Aberdeen City,2015-16,903,,
CHN12e,Aberdeen City,2016-17,953,,
CHN12e,Aberdeen City,2017-18,917,,
CHN12e,Aberdeen City,2018-19,861,,
CHN12e,Aberdeen City,2019-20,874,,
CHN12e,Aberdeen City,2020-21,877,,
CHN12e,Aberdeen City,2021-22,949,,
CHN12e,Aberdeen City,2022-23,982,,
CHN12e,Aberdeen City,2023-24,965,,
CHN12e,Aberdeenshire,2011-12,837,,
CHN12e,Aberdeenshire,2012-13,846,,
CHN12e,Aberdeenshire,2013-14,854,,
CHN12e,Aberdeenshire,2014-15,833,,
CHN12e,Aberdeenshire,2015-16,902,,
CHN12e,Aberdeenshire,2016-17,859,,
CHN12e,Aberdeenshire,2017-18,908,,
CHN12e,Aberdeenshire,2018-19,907,,
CHN12e,Aberdeenshire,2019-20,920,,
CHN12e,Aberdeenshire,2020-21,995,,
CHN12e,Aberdeenshire,2021-22,1020,,
CHN12e,Aberdeenshire,2022-23,955,,
CHN12e,Aberdeenshire,2023-24,935,,
CHN12e,Angus,2011-12,835,,
CHN12e,Angus,2012-13,893,,
CHN12e,Angus,2013-14,859,,
CHN12e,Angus,2014-15,967,,
CHN12e,Angus,2015-16,916,,
CHN12e,Angus,2016-17,815,,
CHN12e,Angus,2017-18,869,,
CHN12e,Angus,2018-19,863,,
CHN12e,Angus,2019-20,909,,
CHN12e,Angus,2020-21,1003,,
CHN12e,Angus,2021-22,955,,
CHN12e,Angus,2022-23,828,,
CHN12e,Angus,2023-24,903,,
CHN12e,Argyll & Bute,2011-12,988,,
CHN12e,Argyll & Bute,2012-13,881,,
CHN12e,Argyll & Bute,2013-14,1036,,
CHN12e,Argyll & Bute,2014-15,961,,
CHN12e,Argyll & Bute,2015-16,958,,
CHN12e,Argyll & Bute,2016-17,969,,
CHN12e,Argyll & Bute,2017-18,986,,
CHN12e,Argyll & Bute,2018-19,951,,
CHN12e,Argyll & Bute,2019-20,993,,
CHN12e,Argyll & Bute,2020-21,1097,,
CHN12e,Argyll & Bute,2021-22,1052,,
CHN12e,Argyll & Bute,2022-23,990,,
CHN12e,Argyll & Bute,2023-24,1037,,
CHN12e,Clackmannanshire,2011-12,889,,
CHN12e,Clackmannanshire,2012-13,867,,
CHN12e,Clackmannanshire,2013-14,976,,
CHN12e,Clackmannanshire,2014-15,899,,
CHN12e,Clackmannanshire,2015-16,960,,
CHN12e,Clackmannanshire,2016-17,884,,
CHN12e,Clackmannanshire,2017-18,1054,,
CHN12e,Clackmannanshire,2018-19,843,,
CHN12e,Clackmannanshire,2019-20,973,,
CHN12e,Clackmannanshire,2020-21,1018,,
CHN12e,Clackmannanshire,2021-22,1003,,
CHN12e,Clackmannanshire,2022-23,1156,,
CHN12e,Clackmannanshire,2023-24,923,,
CHN12e,Dumfries & Galloway,2011-12,882,,
CHN12e,Dumfries & Galloway,2012-13,908,,
CHN12e,Dumfries & Galloway,2013-14,950,,
CHN12e,Dumfries & Galloway,2014-15,985,,
CHN12e,Dumfries & Galloway,2015-16,960,,
CHN12e,Dumfries & Galloway,2016-17,894,,
CHN12e,Dumfries & Galloway,2017-18,934,,
CHN12e,Dumfries & Galloway,2018-19,1010,,
CHN12e,Dumfries & Galloway,2019-20,1013,,
CHN12e,Dumfries & Galloway,2020-21,1001,,
CHN12e,Dumfries & Galloway,2021-22,1038,,
CHN12e,Dumfries & Galloway,2022-23,938,,
CHN12e,Dumfries & Galloway,2023-24,966,,
CHN12e,Dundee City,2011-12,853,,
CHN12e,Dundee City,2012-13,938,,
CHN12e,Dundee City,2013-14,938,,
CHN12e,Dundee City,2014-15,905,,
CHN12e,Dundee City,2015-16,916,,
CHN12e,Dundee City,2016-17,941,,
CHN12e,Dundee City,2017-18,913,,
CHN12e,Dundee City,2018-19,954,,
CHN12e,Dundee City,2019-20,892,,
CHN12e,Dundee City,2020-21,979,,
CHN12e,Dundee City,2021-22,1047,,
CHN12e,Dundee City,2022-23,951,,
CHN12e,Dundee City,2023-24,851,,
CHN12e,East Ayrshire,2011-12,875,,
CHN12e,East Ayrshire,2012-13,1012,,
CHN12e,East Ayrshire,2013-14,921,,
CHN12e,East Ayrshire,2014-15,1070,,
CHN12e,East Ayrshire,2015-16,1038,,
CHN12e,East Ayrshire,2016-17,1021,,
CHN12e,East Ayrshire,2017-18,1055,,
CHN12e,East Ayrshire,2018-19,1068,,
CHN12e,East Ayrshire,2019-20,1042,,
CHN12e,East Ayrshire,2020-21,1043,,
CHN12e,East Ayrshire,2021-22,1152,,
CHN12e,East Ayrshire,2022-23,1134,,
CHN12e,East Ayrshire,2023-24,1166,,
CHN12e,East Dunbartonshire,2011-12,1154,,
CHN12e,East Dunbartonshire,2012-13,1195,,
CHN12e,East Dunbartonshire,2013-14,1155,,
CHN12e,East Dunbartonshire,2014-15,1167,,
CHN12e,East Dunbartonshire,2015-16,1268,,
CHN12e,East Dunbartonshire,2016-17,1395,,
CHN12e,East Dunbartonshire,2017-18,1369,,
CHN12e,East Dunbartonshire,2018-19,1325,,
CHN12e,East Dunbartonshire,2019-20,1363,,
CHN12e,East Dunbartonshire,2020-21,1416,,
CHN12e,East Dunbartonshire,2021-22,1432,,
CHN12e,East Dunbartonshire,2022-23,1347,,
CHN12e,East Dunbartonshire,2023-24,1369,,
CHN12e,East Lothian,2011-12,860,,
CHN12e,East Lothian,2012-13,943,,
CHN12e,East Lothian,2013-14,961,,
CHN12e,East Lothian,2014-15,988,,
CHN12e,East Lothian,2015-16,995,,
CHN12e,East Lothian,2016-17,966,,
CHN12e,East Lothian,2017-18,1005,,
CHN12e,East Lothian,2018-19,1015,,
CHN12e,East Lothian,2019-20,942,,
CHN12e,East Lothian,2020-21,1061,,
CHN12e,East Lothian,2021-22,1105,,
CHN12e,East Lothian,2022-23,1071,,
CHN12e,East Lothian,2023-24,1083,,
CHN12e,East Renfrewshire,2011-12,1182,,
CHN12e,East Renfrewshire,2012-13,1200,,
CHN12e,East Renfrewshire,2013-14,1292,,
CHN12e,East Renfrewshire,2014-15,1275,,
CHN12e,East Renfrewshire,2015-16,1340,,
CHN12e,East Renfrewshire,2016-17,1369,,
CHN12e,East Renfrewshire,2017-18,1300,,
CHN12e,East Renfrewshire,2018-19,1298,,
CHN12e,East Renfrewshire,2019-20,1389,,
CHN12e,East Renfrewshire,2020-21,1517,,
CHN12e,East Renfrewshire,2021-22,1492,,
CHN12e,East Renfrewshire,2022-23,1413,,
CHN12e,East Renfrewshire,2023-24,1393,,
CHN12e,Edinburgh City,2011-12,849,,
CHN12e,Edinburgh City,2012-13,919,,
CHN12e,Edinburgh City,2013-14,927,,
CHN12e,Edinburgh City,2014-15,972,,
CHN12e,Edinburgh City,2015-16,974,,
CHN12e,Edinburgh City,2016-17,1032,,
CHN12e,Edinburgh City,2017-18,972,,
CHN12e,Edinburgh City,2018-19,1054,,
CHN12e,Edinburgh City,2019-20,1042,,
CHN12e,Edinburgh City,2020-21,1092,,
CHN12e,Edinburgh City,2021-22,1069,,
CHN12e,Edinburgh City,2022-23,1076,,
CHN12e,Edinburgh City,2023-24,1095,,
CHN12e,Eilean Siar,2011-12,1338,,
CHN12e,Eilean Siar,2012-13,909,,
CHN12e,Eilean Siar,2013-14,1127,,
CHN12e,Eilean Siar,2015-16,942,,
CHN12e,Eilean Siar,2016-17,1305,,
CHN12e,Eilean Siar,2017-18,850,,
CHN12e,Eilean Siar,2019-20,747,,
CHN12e,Eilean Siar,2020-21,452,,
CHN12e,Falkirk,2011-12,840,,
CHN12e,Falkirk,2012-13,844,,
CHN12e,Falkirk,2013-14,1000,,
CHN12e,Falkirk,2014-15,963,,
CHN12e,Falkirk,2015-16,971,,
CHN12e,Falkirk,2016-17,1099,,
CHN12e,Falkirk,2017-18,1023,,
CHN12e,Falkirk,2018-19,1213,,
CHN12e,Falkirk,2019-20,1179,,
CHN12e,Falkirk,2020-21,1304,,
CHN12e,Falkirk,2021-22,1303,,
CHN12e,Falkirk,2022-23,1204,,
CHN12e,Falkirk,2023-24,1237,,
CHN12e,Fife,2011-12,936,,
CHN12e,Fife,2012-13,877,,
CHN12e,Fife,2013-14,944,,
CHN12e,Fife,2014-15,968,,
CHN12e,Fife,2015-16,970,,
CHN12e,Fife,2016-17,915,,
CHN12e,Fife,2017-18,976,,
CHN12e,Fife,2018-19,1013,,
CHN12e,Fife,2019-20,976,,
CHN12e,Fife,2020-21,1090,,
CHN12e,Fife,2021-22,1051,,
CHN12e,Fife,2022-23,969,,
CHN12e,Fife,2023-24,988,,
CHN12e,Glasgow City,2011-12,894,,
CHN12e,Glasgow City,2012-13,922,,
CHN12e,Glasgow City,2013-14,1001,,
CHN12e,Glasgow City,2014-15,983,,
CHN12e,Glasgow City,2015-16,930,,
CHN12e,Glasgow City,2016-17,990,,
CHN12e,Glasgow City,2017-18,1072,,
CHN12e,Glasgow City,2018-19,1043,,
CHN12e,Glasgow City,2019-20,1107,,
CHN12e,Glasgow City,2020-21,1176,,
CHN12e,Glasgow City,2021-22,1198,,
CHN12e,Glasgow City,2022-23,1131,,
CHN12e,Glasgow City,2023-24,1131,,
CHN12e,Highland,2011-12,887,,
CHN12e,Highland,2012-13,940,,
CHN12e,Highland,2013-14,948,,
CHN12e,Highland,2014-15,990,,
CHN12e,Highland,2015-16,969,,
CHN12e,Highland,2016-17,952,,
CHN12e,Highland,2017-18,925,,
CHN12e,Highland,2018-19,909,,
CHN12e,Highland,2019-20,934,,
CHN12e,Highland,2020-21,950,,
CHN12e,Highland,2021-22,994,,
CHN12e,Highland,2022-23,942,,
CHN12e,Highland,2023-24,963,,
CHN12e,Inverclyde,2011-12,1074,,
CHN12e,Inverclyde,2012-13,1074,,
CHN12e,Inverclyde,2013-14,1105,,
CHN12e,Inverclyde,2014-15,1080,,
CHN12e,Inverclyde,2015-16,1141,,
CHN12e,Inverclyde,2016-17,1215,,
CHN12e,Inverclyde,2017-18,1135,,
CHN12e,Inverclyde,2018-19,1114,,
CHN12e,Inverclyde,2019-20,1068,,
CHN12e,Inverclyde,2020-21,1211,,
CHN12e,Inverclyde,2021-22,1249,,
CHN12e,Inverclyde,2022-23,1191,,
CHN12e,Inverclyde,2023-24,1169,,
CHN12e,Midlothian,2011-12,848,,
CHN12e,Midlothian,2012-13,922,,
CHN12e,Midlothian,2013-14,895,,
CHN12e,Midlothian,2014-15,854,,
CHN12e,Midlothian,2015-16,1041,,
CHN12e,Midlothian,2016-17,919,,
CHN12e,Midlothian,2017-18,976,,
CHN12e,Midlothian,2018-19,1067,,
CHN12e,Midlothian,2019-20,948,,
CHN12e,Midlothian,2020-21,988,,
CHN12e,Midlothian,2021-22,1153,,
CHN12e,Midlothian,2022-23,1007,,
CHN12e,Midlothian,2023-24,1052,,
CHN12e,Moray,2011-12,830,,
CHN12e,Moray,2012-13,852,,
CHN12e,Moray,2013-14,888,,
CHN12e,Moray,2014-15,944,,
CHN12e,Moray,2015-16,821,,
CHN12e,Moray,2016-17,875,,
CHN12e,Moray,2017-18,867,,
CHN12e,Moray,2018-19,838,,
CHN12e,Moray,2019-20,836,,
CHN12e,Moray,2020-21,954,,
CHN12e,Moray,2021-22,944,,
CHN12e,Moray,2022-23,921,,
CHN12e,Moray,2023-24,917,,
CHN12e,North Ayrshire,2011-12,908,,
CHN12e,North Ayrshire,2012-13,1044,,
CHN12e,North Ayrshire,2013-14,985,,
CHN12e,North Ayrshire,2014-15,1052,,
CHN12e,North Ayrshire,2015-16,1075,,
CHN12e,North Ayrshire,2016-17,1097,,
CHN12e,North Ayrshire,2017-18,1044,,
CHN12e,North Ayrshire,2018-19,1011,,
CHN12e,North Ayrshire,2019-20,1054,,
CHN12e,North Ayrshire,2020-21,1078,,
CHN12e,North Ayrshire,2021-22,1135,,
CHN12e,North Ayrshire,2022-23,1090,,
CHN12e,North Ayrshire,2023-24,1108,,
CHN12e,North Lanarkshire,2011-12,946,,
CHN12e,North Lanarkshire,2012-13,925,,
CHN12e,North Lanarkshire,2013-14,995,,
CHN12e,North Lanarkshire,2014-15,1027,,
CHN12e,North Lanarkshire,2015-16,1056,,
CHN12e,North Lanarkshire,2016-17,1072,,
CHN12e,North Lanarkshire,2017-18,1095,,
CHN12e,North Lanarkshire,2018-19,1087,,
CHN12e,North Lanarkshire,2019-20,1132,,
CHN12e,North Lanarkshire,2020-21,1167,,
CHN12e,North Lanarkshire,2021-22,1154,,
CHN12e,North Lanarkshire,2022-23,1109,,
CHN12e,North Lanarkshire,2023-24,1087,,
CHN12e,Orkney Islands,2011-12,829,,
CHN12e,Orkney Islands,2012-13,871,,
CHN12e,Orkney Islands,2013-14,965,,
CHN12e,Orkney Islands,2014-15,956,,
CHN12e,Orkney Islands,2015-16,897,,
CHN12e,Orkney Islands,2016-17,877,,
CHN12e,Orkney Islands,2017-18,936,,
CHN12e,Orkney Islands,2018-19,952,,
CHN12e,Orkney Islands,2019-20,852,,
CHN12e,Orkney Islands,2020-21,971,,
CHN12e,Orkney Islands,2021-22,1029,,
CHN12e,Orkney Islands,2022-23,925,,
CHN12e,Orkney Islands,2023-24,924,,
CHN12e,Perth & Kinross,2011-12,930,,
CHN12e,Perth & Kinross,2012-13,953,,
CHN12e,Perth & Kinross,2013-14,953,,
CHN12e,Perth & Kinross,2014-15,1047,,
CHN12e,Perth & Kinross,2015-16,1025,,
CHN12e,Perth & Kinross,2016-17,954,,
CHN12e,Perth & Kinross,2017-18,999,,
CHN12e,Perth & Kinross,2018-19,1021,,
CHN12e,Perth & Kinross,2019-20,973,,
CHN12e,Perth & Kinross,2020-21,1061,,
CHN12e,Perth & Kinross,2021-22,1030,,
CHN12e,Perth & Kinross,2022-23,1037,,
CHN12e,Perth & Kinross,2023-24,1011,,
CHN12e,Renfrewshire,2011-12,951,,
CHN12e,Renfrewshire,2012-13,913,,
CHN12e,Renfrewshire,2013-14,996,,
CHN12e,Renfrewshire,2014-15,1004,,
CHN12e,Renfrewshire,2015-16,1055,,
CHN12e,Renfrewshire,2016-17,1068,,
CHN12e,Renfrewshire,2017-18,1200,,
CHN12e,Renfrewshire,2018-19,1064,,
CHN12e,Renfrewshire,2019-20,1159,,
CHN12e,Renfrewshire,2020-21,1306,,
CHN12e,Renfrewshire,2021-22,1186,,
CHN12e,Renfrewshire,2022-23,1155,,
CHN12e,Renfrewshire,2023-24,1122,,
CHN12e,Scottish Borders,2011-12,997,,
CHN12e,Scottish Borders,2012-13,941,,
CHN12e,Scottish Borders,2013-14,978,,
CHN12e,Scottish Borders,2014-15,1015,,
CHN12e,Scottish Borders,2015-16,1044,,
CHN12e,Scottish Borders,2016-17,1014,,
CHN12e,Scottish Borders,2017-18,1040,,
CHN12e,Scottish Borders,2018-19,960,,
CHN12e,Scottish Borders,2019-20,1030,,
CHN12e,Scottish Borders,2020-21,1032,,
CHN12e,Scottish Borders,2021-22,1067,,
CHN12e,Scottish Borders,2022-23,974,,
CHN12e,Scottish Borders,2023-24,978,,
CHN12e,Shetland Islands,2011-12,854,,
CHN12e,Shetland Islands,2012-13,916,,
CHN12e,Shetland Islands,2013-14,950,,
CHN12e,Shetland Islands,2015-16,929,,
CHN12e,Shetland Islands,2016-17,1117,,
CHN12e,Shetland Islands,2017-18,1019,,
CHN12e,Shetland Islands,2018-19,1002,,
CHN12e,Shetland Islands,2019-20,969,,
CHN12e,Shetland Islands,2020-21,1076,,
CHN12e,Shetland Islands,2021-22,952,,
CHN12e,Shetland Islands,2022-23,1007,,
CHN12e,Shetland Islands,2023-24,991,,
CHN12e,South Ayrshire,2011-12,1035,,
CHN12e,South Ayrshire,2012-13,1082,,
CHN12e,South Ayrshire,2013-14,1057,,
CHN12e,South Ayrshire,2014-15,1171,,
CHN12e,South Ayrshire,2015-16,1146,,
CHN12e,South Ayrshire,2016-17,1111,,
CHN12e,South Ayrshire,2017-18,1199,,
CHN12e,South Ayrshire,2018-19,1089,,
CHN12e,South Ayrshire,2019-20,1237,,
CHN12e,South Ayrshire,2020-21,1198,,
CHN12e,South Ayrshire,2021-22,1239,,
CHN12e,South Ayrshire,2022-23,1166,,
CHN12e,South Ayrshire,2023-24,1121,,
CHN12e,South Lanarkshire,2011-12,892,,
CHN12e,South Lanarkshire,2012-13,926,,
CHN12e,South Lanarkshire,2013-14,907,,
CHN12e,South Lanarkshire,2014-15,958,,
CHN12e,South Lanarkshire,2015-16,1045,,
CHN12e,South Lanarkshire,2016-17,1072,,
CHN12e,South Lanarkshire,2017-18,1088,,
CHN12e,South Lanarkshire,2018-19,1073,,
CHN12e,South Lanarkshire,2019-20,1123,,
CHN12e,South Lanarkshire,2020-21,1142,,
CHN12e,South Lanarkshire,2021-22,1162,,
CHN12e,South Lanarkshire,2022-23,1164,,
CHN12e,South Lanarkshire,2023-24,1063,,
CHN12e,Stirling,2011-12,954,,
CHN12e,Stirling,2012-13,1000,,
CHN12e,Stirling,2013-14,1097,,
CHN12e,Stirling,2014-15,1006,,
CHN12e,Stirling,2015-16,1083,,
CHN12e,Stirling,2016-17,1188,,
CHN12e,Stirling,2017-18,1134,,
CHN12e,Stirling,2018-19,1155,,
CHN12e,Stirling,2019-20,1112,,
CHN12e,Stirling,2020-21,1224,,
CHN12e,Stirling,2021-22,1259,,
CHN12e,Stirling,2022-23,1132,,
CHN12e,Stirling,2023-24,1156,,
CHN12e,West Dunbartonshire,2011-12,963,,
CHN12e,West Dunbartonshire,2012-13,940,,
CHN12e,West Dunbartonshire,2013-14,961,,
CHN12e,West Dunbartonshire,2014-15,1199,,
CHN12e,West Dunbartonshire,2015-16,1112,,
CHN12e,West Dunbartonshire,2016-17,926,,
CHN12e,West Dunbartonshire,2017-18,1119,,
CHN12e,West Dunbartonshire,2018-19,1018,,
CHN12e,West Dunbartonshire,2019-20,1098,,
CHN12e,West Dunbartonshire,2020-21,1128,,
CHN12e,West Dunbartonshire,2021-22,1159,,
CHN12e,West Dunbartonshire,2022-23,989,,
CHN12e,West Dunbartonshire,2023-24,960,,
CHN12e,West Lothian,2011-12,843,,
CHN12e,West Lothian,2012-13,843,,
CHN12e,West Lothian,2013-14,1035,,
CHN12e,West Lothian,2014-15,974,,
CHN12e,West Lothian,2015-16,1041,,
CHN12e,West Lothian,2016-17,1106,,
CHN12e,West Lothian,2017-18,1120,,
CHN12e,West Lothian,2018-19,1130,,
CHN12e,West Lothian,2019-20,1105,,
CHN12e,West Lothian,2020-21,1211,,
CHN12e,West Lothian,2021-22,1172,,
CHN12e,West Lothian,2022-23,1134,,
CHN12e,West Lothian,2023-24,1176,,
CHN12f,Aberdeen City,2011-12,1069,,
CHN12f,Aberdeen City,2012-13,1062,,
CHN12f,Aberdeen City,2013-14,1041,,
CHN12f,Aberdeen City,2014-15,1119,,
CHN12f,Aberdeen City,2015-16,1083,,
CHN12f,Aberdeen City,2016-17,1083,,
CHN12f,Aberdeen City,2017-18,1104,,
CHN12f,Aberdeen City,2018-19,1089,,
CHN12f,Aberdeen City,2019-20,1154,,
CHN12f,Aberdeen City,2020-21,1145,,
CHN12f,Aberdeen City,2021-22,1222,,
CHN12f,Aberdeen City,2022-23,1189,,
CHN12f,Aberdeen City,2023-24,1198,,
CHN12f,Aberdeenshire,2011-12,995,,
CHN12f,Aberdeenshire,2012-13,1001,,
CHN12f,Aberdeenshire,2013-14,1003,,
CHN12f,Aberdeenshire,2014-15,1010,,
CHN12f,Aberdeenshire,2015-16,1036,,
CHN12f,Aberdeenshire,2016-17,1041,,
CHN12f,Aberdeenshire,2017-18,1052,,
CHN12f,Aberdeenshire,2018-19,985,,
CHN12f,Aberdeenshire,2019-20,1045,,
CHN12f,Aberdeenshire,2020-21,1103,,
CHN12f,Aberdeenshire,2021-22,1103,,
CHN12f,Aberdeenshire,2022-23,1110,,
CHN12f,Aberdeenshire,2023-24,1140,,
CHN12f,Angus,2011-12,970,,
CHN12f,Angus,2012-13,1013,,
CHN12f,Angus,2013-14,1011,,
CHN12f,Angus,2014-15,984,,
CHN12f,Angus,2015-16,983,,
CHN12f,Angus,2016-17,1009,,
CHN12f,Angus,2017-18,1022,,
CHN12f,Angus,2018-19,964,,
CHN12f,Angus,2019-20,977,,
CHN12f,Angus,2020-21,1049,,
CHN12f,Angus,2021-22,979,,
CHN12f,Angus,2022-23,997,,
CHN12f,Angus,2023-24,929,,
CHN12f,Argyll & Bute,2011-12,1148,,
CHN12f,Argyll & Bute,2012-13,1177,,
CHN12f,Argyll & Bute,2013-14,1153,,
CHN12f,Argyll & Bute,2014-15,1079,,
CHN12f,Argyll & Bute,2015-16,1148,,
CHN12f,Argyll & Bute,2016-17,1138,,
CHN12f,Argyll & Bute,2017-18,1149,,
CHN12f,Argyll & Bute,2018-19,1225,,
CHN12f,Argyll & Bute,2019-20,1156,,
CHN12f,Argyll & Bute,2020-21,1286,,
CHN12f,Argyll & Bute,2021-22,1216,,
CHN12f,Argyll & Bute,2022-23,1264,,
CHN12f,Argyll & Bute,2023-24,1244,,
CHN12f,Clackmannanshire,2011-12,901,,
CHN12f,Clackmannanshire,2012-13,1125,,
CHN12f,Clackmannanshire,2013-14,1061,,
CHN12f,Clackmannanshire,2014-15,870,,
CHN12f,Clackmannanshire,2015-16,1038,,
CHN12f,Clackmannanshire,2016-17,1006,,
CHN12f,Clackmannanshire,2017-18,1129,,
CHN12f,Clackmannanshire,2018-19,1136,,
CHN12f,Clackmannanshire,2019-20,1144,,
CHN12f,Clackmannanshire,2020-21,1095,,
CHN12f,Clackmannanshire,2021-22,1158,,
CHN12f,Clackmannanshire,2022-23,1081,,
CHN12f,Clackmannanshire,2023-24,996,,
CHN12f,Dumfries & Galloway,2011-12,1010,,
CHN12f,Dumfries & Galloway,2012-13,1041,,
CHN12f,Dumfries & Galloway,2013-14,1037,,
CHN12f,Dumfries & Galloway,2014-15,1112,,
CHN12f,Dumfries & Galloway,2015-16,1066,,
CHN12f,Dumfries & Galloway,2016-17,1211,,
CHN12f,Dumfries & Galloway,2017-18,1117,,
CHN12f,Dumfries & Galloway,2018-19,1175,,
CHN12f,Dumfries & Galloway,2019-20,1185,,
CHN12f,Dumfries & Galloway,2020-21,1162,,
CHN12f,Dumfries & Galloway,2021-22,1153,,
CHN12f,Dumfries & Galloway,2022-23,1222,,
CHN12f,Dumfries & Galloway,2023-24,1053,,
CHN12f,Dundee City,2011-12,1227,,
CHN12f,Dundee City,2012-13,1198,,
CHN12f,Dundee City,2013-14,1156,,
CHN12f,Dundee City,2014-15,1145,,
CHN12f,Dundee City,2015-16,1085,,
CHN12f,Dundee City,2016-17,1103,,
CHN12f,Dundee City,2017-18,973,,
CHN12f,Dundee City,2018-19,1063,,
CHN12f,Dundee City,2019-20,1177,,
CHN12f,Dundee City,2020-21,1149,,
CHN12f,Dundee City,2021-22,1213,,
CHN12f,Dundee City,2022-23,1125,,
CHN12f,Dundee City,2023-24,1088,,
CHN12f,East Ayrshire,2011-12,1020,,
CHN12f,East Ayrshire,2012-13,1037,,
CHN12f,East Ayrshire,2013-14,1095,,
CHN12f,East Ayrshire,2014-15,1144,,
CHN12f,East Ayrshire,2015-16,1161,,
CHN12f,East Ayrshire,2016-17,1151,,
CHN12f,East Ayrshire,2017-18,1159,,
CHN12f,East Ayrshire,2018-19,1175,,
CHN12f,East Ayrshire,2019-20,1058,,
CHN12f,East Ayrshire,2020-21,1179,,
CHN12f,East Ayrshire,2021-22,1359,,
CHN12f,East Ayrshire,2022-23,1227,,
CHN12f,East Ayrshire,2023-24,1170,,
CHN12f,East Dunbartonshire,2011-12,1255,,
CHN12f,East Dunbartonshire,2012-13,1332,,
CHN12f,East Dunbartonshire,2013-14,1336,,
CHN12f,East Dunbartonshire,2014-15,1368,,
CHN12f,East Dunbartonshire,2015-16,1446,,
CHN12f,East Dunbartonshire,2016-17,1460,,
CHN12f,East Dunbartonshire,2017-18,1456,,
CHN12f,East Dunbartonshire,2018-19,1388,,
CHN12f,East Dunbartonshire,2019-20,1509,,
CHN12f,East Dunbartonshire,2020-21,1550,,
CHN12f,East Dunbartonshire,2021-22,1553,,
CHN12f,East Dunbartonshire,2022-23,1496,,
CHN12f,East Dunbartonshire,2023-24,1488,,
CHN12f,East Lothian,2011-12,1069,,
CHN12f,East Lothian,2012-13,1157,,
CHN12f,East Lothian,2013-14,1190,,
CHN12f,East Lothian,2014-15,1191,,
CHN12f,East Lothian,2015-16,1214,,
CHN12f,East Lothian,2016-17,1278,,
CHN12f,East Lothian,2017-18,1179,,
CHN12f,East Lothian,2018-19,1136,,
CHN12f,East Lothian,2019-20,1107,,
CHN12f,East Lothian,2020-21,1262,,
CHN12f,East Lothian,2021-22,1114,,
CHN12f,East Lothian,2022-23,1153,,
CHN12f,East Lothian,2023-24,1228,,
CHN12f,East Renfrewshire,2011-12,1356,,
CHN12f,East Renfrewshire,2012-13,1325,,
CHN12f,East Renfrewshire,2013-14,1442,,
CHN12f,East Renfrewshire,2014-15,1425,,
CHN12f,East Renfrewshire,2015-16,1452,,
CHN12f,East Renfrewshire,2016-17,1493,,
CHN12f,East Renfrewshire,2017-18,1528,,
CHN12f,East Renfrewshire,2018-19,1479,,
CHN12f,East Renfrewshire,2019-20,1531,,
CHN12f,East Renfrewshire,2020-21,1628,,
CHN12f,East Renfrewshire,2021-22,1590,,
CHN12f,East Renfrewshire,2022-23,1623,,
CHN12f,East Renfrewshire,2023-24,1597,,
CHN12f,Edinburgh City,2011-12,1128,,
CHN12f,Edinburgh City,2012-13,1176,,
CHN12f,Edinburgh City,2013-14,1176,,
CHN12f,Edinburgh City,2014-15,1217,,
CHN12f,Edinburgh City,2015-16,1267,,
CHN12f,Edinburgh City,2016-17,1241,,
CHN12f,Edinburgh City,2017-18,1287,,
CHN12f,Edinburgh City,2018-19,1283,,
CHN12f,Edinburgh City,2019-20,1301,,
CHN12f,Edinburgh City,2020-21,1375,,
CHN12f,Edinburgh City,2021-22,1370,,
CHN12f,Edinburgh City,2022-23,1340,,
CHN12f,Edinburgh City,2023-24,1358,,
CHN12f,Falkirk,2011-12,1022,,
CHN12f,Falkirk,2012-13,1093,,
CHN12f,Falkirk,2013-14,1046,,
CHN12f,Falkirk,2014-15,1142,,
CHN12f,Falkirk,2015-16,1166,,
CHN12f,Falkirk,2016-17,1210,,
CHN12f,Falkirk,2017-18,1271,,
CHN12f,Falkirk,2018-19,1173,,
CHN12f,Falkirk,2019-20,1283,,
CHN12f,Falkirk,2020-21,1404,,
CHN12f,Falkirk,2021-22,1390,,
CHN12f,Falkirk,2022-23,1379,,
CHN12f,Falkirk,2023-24,1379,,
CHN12f,Fife,2011-12,1033,,
CHN12f,Fife,2012-13,1092,,
CHN12f,Fife,2013-14,1120,,
CHN12f,Fife,2014-15,1123,,
CHN12f,Fife,2015-16,1121,,
CHN12f,Fife,2016-17,1125,,
CHN12f,Fife,2017-18,1169,,
CHN12f,Fife,2018-19,1134,,
CHN12f,Fife,2019-20,1135,,
CHN12f,Fife,2020-21,1161,,
CHN12f,Fife,2021-22,1205,,
CHN12f,Fife,2022-23,1172,,
CHN12f,Fife,2023-24,1125,,
CHN12f,Glasgow City,2011-12,1066,,
CHN12f,Glasgow City,2012-13,1146,,
CHN12f,Glasgow City,2013-14,1137,,
CHN12f,Glasgow City,2014-15,1192,,
CHN12f,Glasgow City,2015-16,1231,,
CHN12f,Glasgow City,2016-17,1241,,
CHN12f,Glasgow City,2017-18,1211,,
CHN12f,Glasgow City,2018-19,1234,,
CHN12f,Glasgow City,2019-20,1204,,
CHN12f,Glasgow City,2020-21,1394,,
CHN12f,Glasgow City,2021-22,1333,,
CHN12f,Glasgow City,2022-23,1407,,
CHN12f,Glasgow City,2023-24,1323,,
CHN12f,Highland,2011-12,1047,,
CHN12f,Highland,2012-13,1087,,
CHN12f,Highland,2013-14,1026,,
CHN12f,Highland,2014-15,1045,,
CHN12f,Highland,2015-16,1178,,
CHN12f,Highland,2016-17,1036,,
CHN12f,Highland,2017-18,1104,,
CHN12f,Highland,2018-19,1006,,
CHN12f,Highland,2019-20,1035,,
CHN12f,Highland,2020-21,1031,,
CHN12f,Highland,2021-22,1174,,
CHN12f,Highland,2022-23,1022,,
CHN12f,Highland,2023-24,1054,,
CHN12f,Inverclyde,2011-12,1164,,
CHN12f,Inverclyde,2012-13,1279,,
CHN12f,Inverclyde,2013-14,1211,,
CHN12f,Inverclyde,2014-15,1232,,
CHN12f,Inverclyde,2015-16,1348,,
CHN12f,Inverclyde,2016-17,1231,,
CHN12f,Inverclyde,2017-18,1290,,
CHN12f,Inverclyde,2018-19,1209,,
CHN12f,Inverclyde,2019-20,1165,,
CHN12f,Inverclyde,2020-21,1268,,
CHN12f,Inverclyde,2021-22,1335,,
CHN12f,Inverclyde,2022-23,1218,,
CHN12f,Inverclyde,2023-24,1076,,
CHN12f,Midlothian,2011-12,1038,,
CHN12f,Midlothian,2012-13,1067,,
CHN12f,Midlothian,2013-14,1029,,
CHN12f,Midlothian,2014-15,1098,,
CHN12f,Midlothian,2015-16,1228,,
CHN12f,Midlothian,2016-17,1026,,
CHN12f,Midlothian,2017-18,1165,,
CHN12f,Midlothian,2018-19,1110,,
CHN12f,Midlothian,2019-20,1144,,
CHN12f,Midlothian,2020-21,1325,,
CHN12f,Midlothian,2021-22,1218,,
CHN12f,Midlothian,2022-23,1129,,
CHN12f,Midlothian,2023-24,1205,,
CHN12f,Moray,2011-12,1017,,
CHN12f,Moray,2012-13,997,,
CHN12f,Moray,2013-14,1024,,
CHN12f,Moray,2014-15,1048,,
CHN12f,Moray,2015-16,939,,
CHN12f,Moray,2016-17,1073,,
CHN12f,Moray,2017-18,923,,
CHN12f,Moray,2018-19,934,,
CHN12f,Moray,2019-20,903,,
CHN12f,Moray,2020-21,959,,
CHN12f,Moray,2021-22,1005,,
CHN12f,Moray,2022-23,977,,
CHN12f,Moray,2023-24,970,,
CHN12f,North Ayrshire,2011-12,1046,,
CHN12f,North Ayrshire,2012-13,1035,,
CHN12f,North Ayrshire,2013-14,1048,,
CHN12f,North Ayrshire,2014-15,1181,,
CHN12f,North Ayrshire,2015-16,1101,,
CHN12f,North Ayrshire,2016-17,1225,,
CHN12f,North Ayrshire,2017-18,1191,,
CHN12f,North Ayrshire,2018-19,1157,,
CHN12f,North Ayrshire,2019-20,1179,,
CHN12f,North Ayrshire,2020-21,1185,,
CHN12f,North Ayrshire,2021-22,1356,,
CHN12f,North Ayrshire,2022-23,1160,,
CHN12f,North Ayrshire,2023-24,1157,,
CHN12f,North Lanarkshire,2011-12,1023,,
CHN12f,North Lanarkshire,2012-13,1076,,
CHN12f,North Lanarkshire,2013-14,1107,,
CHN12f,North Lanarkshire,2014-15,1191,,
CHN12f,North Lanarkshire,2015-16,1163,,
CHN12f,North Lanarkshire,2016-17,1278,,
CHN12f,North Lanarkshire,2017-18,1206,,
CHN12f,North Lanarkshire,2018-19,1263,,
CHN12f,North Lanarkshire,2019-20,1252,,
CHN12f,North Lanarkshire,2020-21,1318,,
CHN12f,North Lanarkshire,2021-22,1264,,
CHN12f,North Lanarkshire,2022-23,1191,,
CHN12f,North Lanarkshire,2023-24,1196,,
CHN12f,Orkney Islands,2011-12,780,,
CHN12f,Orkney Islands,2012-13,908,,
CHN12f,Orkney Islands,2013-14,1297,,
CHN12f,Orkney Islands,2014-15,1067,,
CHN12f,Orkney Islands,2015-16,1131,,
CHN12f,Orkney Islands,2016-17,1199,,
CHN12f,Orkney Islands,2017-18,1227,,
CHN12f,Orkney Islands,2018-19,1206,,
CHN12f,Orkney Islands,2019-20,997,,
CHN12f,Orkney Islands,2020-21,1179,,
CHN12f,Orkney Islands,2021-22,764,,
CHN12f,Orkney Islands,2022-23,801,,
CHN12f,Orkney Islands,2023-24,1190,,
CHN12f,Perth & Kinross,2011-12,1082,,
CHN12f,Perth & Kinross,2012-13,1104,,
CHN12f,Perth & Kinross,2013-14,1059,,
CHN12f,Perth & Kinross,2014-15,1146,,
CHN12f,Perth & Kinross,2015-16,1135,,
CHN12f,Perth & Kinross,2016-17,1127,,
CHN12f,Perth & Kinross,2017-18,1171,,
CHN12f,Perth & Kinross,2018-19,1158,,
CHN12f,Perth & Kinross,2019-20,1215,,
CHN12f,Perth & Kinross,2020-21,1286,,
CHN12f,Perth & Kinross,2021-22,1365,,
CHN12f,Perth & Kinross,2022-23,1071,,
CHN12f,Perth & Kinross,2023-24,1054,,
CHN12f,Renfrewshire,2011-12,1083,,
CHN12f,Renfrewshire,2012-13,1122,,
CHN12f,Renfrewshire,2013-14,1144,,
CHN12f,Renfrewshire,2014-15,1232,,
CHN12f,Renfrewshire,2015-16,1162,,
CHN12f,Renfrewshire,2016-17,1226,,
CHN12f,Renfrewshire,2017-18,1275,,
CHN12f,Renfrewshire,2018-19,1217,,
CHN12f,Renfrewshire,2019-20,1308,,
CHN12f,Renfrewshire,2020-21,1378,,
CHN12f,Renfrewshire,2021-22,1383,,
CHN12f,Renfrewshire,2022-23,1235,,
CHN12f,Renfrewshire,2023-24,1287,,
CHN12f,Scottish Borders,2011-12,928,,
CHN12f,Scottish Borders,2012-13,1157,,
CHN12f,Scottish Borders,2013-14,1083,,
CHN12f,Scottish Borders,2014-15,1222,,
CHN12f,Scottish Borders,2015-16,1121,,
CHN12f,Scottish Borders,2016-17,1202,,
CHN12f,Scottish Borders,2017-18,1121,,
CHN12f,Scottish Borders,2018-19,1133,,
CHN12f,Scottish Borders,2019-20,1169,,
CHN12f,Scottish Borders,2020-21,1360,,
CHN12f,Scottish Borders,2021-22,1275,,
CHN12f,Scottish Borders,2022-23,1237,,
CHN12f,Scottish Borders,2023-24,1207,,
CHN12f,Shetland Islands,2011-12,1114,,
CHN12f,Shetland Islands,2012-13,1141,,
CHN12f,Shetland Islands,2013-14,1037,,
CHN12f,Shetland Islands,2014-15,849,,
CHN12f,Shetland Islands,2015-16,1126,,
CHN12f,Shetland Islands,2016-17,610,,
CHN12f,Shetland Islands,2017-18,314,,
CHN12f,South Ayrshire,2011-12,1185,,
CHN12f,South Ayrshire,2012-13,1152,,
CHN12f,South Ayrshire,2013-14,1185,,
CHN12f,South Ayrshire,2014-15,1328,,
CHN12f,South Ayrshire,2015-16,1200,,
CHN12f,South Ayrshire,2016-17,1298,,
CHN12f,South Ayrshire,2017-18,1284,,
CHN12f,South Ayrshire,2018-19,1211,,
CHN12f,South Ayrshire,2019-20,1229,,
CHN12f,South Ayrshire,2020-21,1375,,
CHN12f,South Ayrshire,2021-22,1321,,
CHN12f,South Ayrshire,2022-23,1283,,
CHN12f,South Ayrshire,2023-24,1244,,
CHN12f,South Lanarkshire,2011-12,1071,,
CHN12f,South Lanarkshire,2012-13,1095,,
CHN12f,South Lanarkshire,2013-14,1141,,
CHN12f,South Lanarkshire,2014-15,1172,,
CHN12f,South Lanarkshire,2015-16,1164,,
CHN12f,South Lanarkshire,2016-17,1186,,
CHN12f,South Lanarkshire,2017-18,1222,,
CHN12f,South Lanarkshire,2018-19,1200,,
CHN12f,South Lanarkshire,2019-20,1270,,
CHN12f,South Lanarkshire,2020-21,1362,,
CHN12f,South Lanarkshire,2021-22,1315,,
CHN12f,South Lanarkshire,2022-23,1296,,
CHN12f,South Lanarkshire,2023-24,1252,,
CHN12f,Stirling,2011-12,1148,,
CHN12f,Stirling,2012-13,1246,,
CHN12f,Stirling,2013-14,1291,,
CHN12f,Stirling,2014-15,1320,,
CHN12f,Stirling,2015-16,1294,,
CHN12f,Stirling,2016-17,1350,,
CHN12f,Stirling,2017-18,1378,,
CHN12f,Stirling,2018-19,1216,,
CHN12f,Stirling,2019-20,1408,,
CHN12f,Stirling,2020-21,1363,,
CHN12f,Stirling,2021-22,1328,,
CHN12f,Stirling,2022-23,1263,,
CHN12f,Stirling,2023-24,1301,,
CHN12f,West Dunbartonshire,2011-12,963,,
CHN12f,West Dunbartonshire,2012-13,994,,
CHN12f,West Dunbartonshire,2013-14,1060,,
CHN12f,West Dunbartonshire,2014-15,1211,,
CHN12f,West Dunbartonshire,2015-16,1042,,
CHN12f,West Dunbartonshire,2016-17,1142,,
CHN12f,West Dunbartonshire,2017-18,1185,,
CHN12f,West Dunbartonshire,2018-19,1144,,
CHN12f,West Dunbartonshire,2019-20,1194,,
CHN12f,West Dunbartonshire,2020-21,1305,,
CHN12f,West Dunbartonshire,2021-22,1134,,
CHN12f,West Dunbartonshire,2022-23,1105,,
CHN12f,West Dunbartonshire,2023-24,1050,,
CHN12f,West Lothian,2011-12,1128,,
CHN12f,West Lothian,2012-13,1180,,
CHN12f,West Lothian,2013-14,1263,,
CHN12f,West Lothian,2014-15,1199,,
CHN12f,West Lothian,2015-16,1260,,
CHN12f,West Lothian,2016-17,1281,,
CHN12f,West Lothian,2017-18,1232,,
CHN12f,West Lothian,2018-19,1230,,
CHN12f,West Lothian,2019-20,1304,,
CHN12f,West Lothian,2020-21,1389,,
CHN12f,West Lothian,2021-22,1359,,
CHN12f,West Lothian,2022-23,1323,,
CHN12f,West Lothian,2023-24,1364,,
CHN12a,Scotland,2011-12,769.68,,
CHN12a,Scotland,2012-13,797.61,,
CHN12a,Scotland,2013-14,826.62,,
CHN12a,Scotland,2014-15,860.04,,
CHN12a,Scotland,2015-16,877.23,,
CHN12a,Scotland,2016-17,888.15,,
CHN12a,Scotland,2017-18,893.97,,
CHN12a,Scotland,2018-19,894.59,,
CHN12a,Scotland,2019-20,925.1,,
CHN12a,Scotland,2020-21,955.35,,
CHN12a,Scotland,2021-22,969.63,,
CHN12a,Scotland,2022-23,925.03,,
CHN12a,Scotland,2023-24,917.53,,
CHN12b,Scotland,2011-12,478,,
CHN12b,Scotland,2012-13,510,,
CHN12b,Scotland,2013-14,551,,
CHN12b,Scotland,2014-15,581,,
CHN12b,Scotland,2015-16,603,,
CHN12b,Scotland,2016-17,625,,
CHN12b,Scotland,2017-18,620,,
CHN12b,Scotland,2018-19,627,,
CHN12b,Scotland,2019-20,645,,
CHN12b,Scotland,2020-21,679,,
CHN12b,Scotland,2021-22,691,,
CHN12b,Scotland,2022-23,661,,
CHN12b,Scotland,2023-24,658,,
CHN12c,Scotland,2011-12,618,,
CHN12c,Scotland,2012-13,644,,
CHN12c,Scotland,2013-14,685,,
CHN12c,Scotland,2014-15,716,,
CHN12c,Scotland,2015-16,741,,
CHN12c,Scotland,2016-17,751,,
CHN12c,Scotland,2017-18,752,,
CHN12c,Scotland,2018-19,742,,
CHN12c,Scotland,2019-20,754,,
CHN12c,Scotland,2020-21,807,,
CHN12c,Scotland,2021-22,818,,
CHN12c,Scotland,2022-23,783,,
CHN12c,Scotland,2023-24,762,,
CHN12d,Scotland,2011-12,759,,
CHN12d,Scotland,2012-13,788,,
CHN12d,Scotland,2013-14,816,,
CHN12d,Scotland,2014-15,851,,
CHN12d,Scotland,2015-16,864,,
CHN12d,Scotland,2016-17,882,,
CHN12d,Scotland,2017-18,899,,
CHN12d,Scotland,2018-19,875,,
CHN12d,Scotland,2019-20,901,,
CHN12d,Scotland,2020-21,965,,
CHN12d,Scotland,2021-22,957,,
CHN12d,Scotland,2022-23,908,,
CHN12d,Scotland,2023-24,889,,
CHN12e,Scotland,2011-12,909,,
CHN12e,Scotland,2012-13,929,,
CHN12e,Scotland,2013-14,962,,
CHN12e,Scotland,2014-15,984,,
CHN12e,Scotland,2015-16,998,,
CHN12e,Scotland,2016-17,1002,,
CHN12e,Scotland,2017-18,1019,,
CHN12e,Scotland,2018-19,1015,,
CHN12e,Scotland,2019-20,1025,,
CHN12e,Scotland,2020-21,1099,,
CHN12e,Scotland,2021-22,1105,,
CHN12e,Scotland,2022-23,1054,,
CHN12e,Scotland,2023-24,1049,,
CHN12f,Scotland,2011-12,1101,,
CHN12f,Scotland,2012-13,1134,,
CHN12f,Scotland,2013-14,1149,,
CHN12f,Scotland,2014-15,1185,,
CHN12f,Scotland,2015-16,1197,,
CHN12f,Scotland,2016-17,1210,,
CHN12f,Scotland,2017-18,1224,,
CHN12f,Scotland,2018-19,1195,,
CHN12f,Scotland,2019-20,1236,,
CHN12f,Scotland,2020-21,1310,,
CHN12f,Scotland,2021-22,1310,,
CHN12f,Scotland,2022-23,1268,,
CHN12f,Scotland,2023-24,1260,,
